short_name,long_name,predicting_year,PER,last_year_wins,continuity,avg_age,.6061 * wins,11.3776 * continuity, -0.4617 * avg_age,,pred_wins,num_wins,error,Label
PHO,Phoenix Suns,1992,254.1,55,0.861875,26.69230769,33.3355,9.80572425,-12.32383846,21.7312,53,53,0,PHO1992
DAL,Dallas Mavericks,1992,211.7,28,0.693704268,29.64285714,16.9708,7.892412201,-13.68610714,21.7312,33,22,11,DAL1992
BOS,Boston Celtics,1992,211.5,56,0.837870935,27.46666667,33.9416,9.532625201,-12.68136,21.7312,53,51,2,BOS1992
SAC,Sacramento Kings,1992,204,25,0.404456301,25.94117647,15.1525,4.601580226,-11.97704118,21.7312,30,29,1,SAC1992
CLE,Cleveland Cavaliers,1992,194.3,33,0.689822154,25.6,20.0013,7.848244616,-11.81952,21.7312,38,57,19,CLE1992
MIL,Milwaukee Bucks,1992,192.1,48,0.757469512,28.16666667,29.0928,8.617882134,-13.00455,21.7312,46,31,15,MIL1992
DET,Detroit Pistons,1992,186,50,0.739207317,30.64285714,30.305,8.410109488,-14.14780714,21.7312,46,48,2,DET1992
CHI,Chicago Bulls,1992,182.6,61,0.966946138,26.58333333,36.9721,11.0011396,-12.273525,21.7312,57,67,10,CHI1992
DEN,Denver Nuggets,1992,179.5,20,0.317560976,25.78571429,12.122,3.612954732,-11.90526429,21.7312,26,24,2,DEN1992
WSB,Washington Bullets,1992,178.9,30,0.55745935,25.92857143,18.183,6.342326512,-11.97122143,21.7312,34,25,9,WSB1992
HOU,Houston Rockets,1992,177.2,52,0.863252033,26.46153846,31.5172,9.821391024,-12.21729231,21.7312,51,42,9,HOU1992
UTA,Utah Jazz,1992,176.6,54,0.779212398,27.5,32.7294,8.865255299,-12.69675,21.7312,51,55,4,UTA1992
NYK,New York Knicks,1992,175.8,39,0.670365854,27.07142857,23.6379,7.62688639,-12.49887857,21.7312,40,51,11,NYK1992
ATL,Atlanta Hawks,1992,175.4,43,0.469014228,27.69230769,26.0623,5.336068671,-12.78553846,21.7312,40,38,2,ATL1992
GSW,Golden State Warriors,1992,173.3,44,0.74066565,26.86666667,26.6684,8.426701238,-12.40434,21.7312,44,55,11,GSW1992
MIN,Minnesota Timberwolves,1992,173.2,29,0.825955285,26,17.5769,9.397058463,-12.0042,21.7312,37,15,22,MIN1992
IND,Indiana Pacers,1992,173.1,41,0.936148374,26.92307692,24.8501,10.65074728,-12.43038462,21.7312,45,40,5,IND1992
SAS,San Antonio Spurs,1992,173,55,0.802073171,26.07142857,33.3355,9.125346878,-12.03717857,21.7312,52,47,5,SAS1992
MIA,Miami Heat,1992,170.2,24,0.742860772,24.35714286,14.5464,8.451675579,-11.24569286,21.7312,33,38,5,MIA1992
LAL,Los Angeles Lakers,1992,169.1,58,0.772454268,27.83333333,35.1538,8.788366701,-12.85065,21.7312,53,43,10,LAL1992
ORL,Orlando Magic,1992,163.2,31,0.935066057,26.38461538,18.7891,10.63843354,-12.18177692,21.7312,39,21,18,ORL1992
POR,Portland Trail Blazers,1992,161.8,63,0.936875,27.54545455,38.1843,10.65901425,-12.71773636,21.7312,58,57,1,POR1992
CHH,Charlotte Hornets,1992,157.3,26,0.622662602,25.53846154,15.7586,7.084156951,-11.79110769,21.7312,33,31,2,CHH1992
LAC,Los Angeles Clippers,1992,154.5,31,0.654496951,24.84615385,18.7891,7.446342713,-11.47146923,21.7312,36,45,9,LAC1992
PHI,Philadelphia 76ers,1992,153.4,44,0.576814024,27.53846154,26.6684,6.562528518,-12.71450769,21.7312,42,35,7,PHI1992
NJN,New Jersey Nets,1992,148.6,26,0.600218496,25.66666667,15.7586,6.828805872,-11.8503,21.7312,32,40,8,NJN1992
SEA,Seattle SuperSonics,1992,143.1,41,0.600436992,26.5,24.8501,6.831291744,-12.23505,21.7312,41,47,6,SEA1992
ATL,Atlanta Hawks,1993,212.2,38,0.710518293,26.71428571,23.0318,8.08370872,-12.33398571,21.7312,41,43,2,ATL1993
SAS,San Antonio Spurs,1993,208.3,47,0.588328252,27.78571429,28.4867,6.693528189,-12.82866429,21.7312,44,49,5,SAS1993
GSW,Golden State Warriors,1993,201.2,55,0.784817073,26.5625,33.3355,8.929020805,-12.26390625,21.7312,52,34,18,GSW1993
PHO,Phoenix Suns,1993,191.3,53,0.560731707,27.23076923,32.1233,6.37955678,-12.57244615,21.7312,48,62,14,PHO1993
BOS,Boston Celtics,1993,185.3,51,0.82945122,29,30.9111,9.436832415,-13.3893,21.7312,49,48,1,BOS1993
ORL,Orlando Magic,1993,182.2,21,0.676620935,26.35714286,12.7281,7.698051701,-12.16909286,21.7312,30,41,11,ORL1993
CLE,Cleveland Cavaliers,1993,181.5,57,0.831158537,26.25,34.5477,9.456256902,-12.119625,21.7312,54,54,0,CLE1993
WSB,Washington Bullets,1993,178.7,25,0.609237805,26.33333333,15.1525,6.931420354,-12.1581,21.7312,32,22,10,WSB1993
POR,Portland Trail Blazers,1993,177,57,0.800934959,27.61538462,34.5477,9.11239722,-12.75002308,21.7312,53,51,2,POR1993
MIL,Milwaukee Bucks,1993,176.7,31,0.38675813,29.38461538,18.7891,4.400224598,-13.56687692,21.7312,31,28,3,MIL1993
SEA,Seattle SuperSonics,1993,174.7,47,0.853333333,26.61538462,28.4867,9.708544,-12.28832308,21.7312,48,55,7,SEA1993
IND,Indiana Pacers,1993,172,40,0.713831301,26.23076923,24.244,8.121401476,-12.11074615,21.7312,42,41,1,IND1993
LAL,Los Angeles Lakers,1993,167.5,43,0.733455285,27,26.0623,8.344667463,-12.4659,21.7312,44,39,5,LAL1993
DAL,Dallas Mavericks,1993,167.5,22,0.536737805,27.35714286,13.3342,6.106573354,-12.63079286,21.7312,29,11,18,DAL1993
NJN,New Jersey Nets,1993,167,40,0.778597561,25.66666667,24.244,8.858260171,-11.8503,21.7312,43,43,0,NJN1993
CHH,Charlotte Hornets,1993,166.5,31,0.810731707,26,18.7891,9.22385678,-12.0042,21.7312,38,44,6,CHH1993
LAC,Los Angeles Clippers,1993,164,45,0.599344512,26.76923077,27.2745,6.818862384,-12.35935385,21.7312,43,41,2,LAC1993
DEN,Denver Nuggets,1993,162.8,24,0.639329268,26.07692308,14.5464,7.273776951,-12.03971538,21.7312,32,36,4,DEN1993
DET,Detroit Pistons,1993,162.6,48,0.672240854,28.76923077,29.0928,7.64821864,-13.28275385,21.7312,45,40,5,DET1993
MIA,Miami Heat,1993,161.7,38,0.92050813,24.58333333,23.0318,10.4728051,-11.350125,21.7312,44,36,8,MIA1993
MIN,Minnesota Timberwolves,1993,160.7,15,0.254893293,25.83333333,9.0915,2.89997197,-11.92725,21.7312,22,19,3,MIN1993
UTA,Utah Jazz,1993,159.2,55,0.714314024,27,33.3355,8.126893518,-12.4659,21.7312,51,47,4,UTA1993
CHI,Chicago Bulls,1993,157.8,67,0.88390752,28.08333333,40.6087,10.05639264,-12.966075,21.7312,59,57,2,CHI1993
HOU,Houston Rockets,1993,155.3,42,0.779867886,27.69230769,25.4562,8.872712915,-12.78553846,21.7312,43,55,12,HOU1993
PHI,Philadelphia 76ers,1993,148.6,35,0.713658537,27.53846154,21.2135,8.119435902,-12.71450769,21.7312,38,26,12,PHI1993
SAC,Sacramento Kings,1993,147.7,29,0.908104675,24.41666667,17.5769,10.33168851,-11.273175,21.7312,38,25,13,SAC1993
NYK,New York Knicks,1993,125.3,51,0.573333333,27.25,30.9111,6.522928,-12.581325,21.7312,47,60,13,NYK1993
GSW,Golden State Warriors,1994,226.2,34,0.638323171,26.17647059,20.6074,7.262330378,-12.08567647,21.7312,38,50,12,GSW1994
NJN,New Jersey Nets,1994,209,43,0.422926829,27.76470588,26.0623,4.811723122,-12.81896471,21.7312,40,45,5,NJN1994
BOS,Boston Celtics,1994,205.6,48,0.626356707,28.57142857,29.0928,7.12618553,-13.19142857,21.7312,45,32,13,BOS1994
CLE,Cleveland Cavaliers,1994,200.2,54,0.80765752,27.69230769,32.7294,9.18888114,-12.78553846,21.7312,51,47,4,CLE1994
WSB,Washington Bullets,1994,198.9,22,0.642322154,26.13333333,13.3342,7.307827616,-12.06576,21.7312,30,24,6,WSB1994
CHI,Chicago Bulls,1994,193.1,57,0.663064024,27.57142857,34.5477,7.543812018,-12.72972857,21.7312,51,55,4,CHI1994
PHO,Phoenix Suns,1994,193.1,62,0.790177846,27.61538462,37.5782,8.990011384,-12.75002308,21.7312,56,56,0,PHO1994
PHI,Philadelphia 76ers,1994,189.3,26,0.323231707,27.35714286,15.7586,3.67747178,-12.63079286,21.7312,29,25,4,PHI1994
IND,Indiana Pacers,1994,186.6,41,0.753805894,26.46153846,24.8501,8.576200421,-12.21729231,21.7312,43,47,4,IND1994
MIL,Milwaukee Bucks,1994,185.3,28,0.571727642,27.30769231,16.9708,6.504659732,-12.60796154,21.7312,33,20,13,MIL1994
ORL,Orlando Magic,1994,183.1,41,0.862769309,26.07692308,24.8501,9.815898982,-12.03971538,21.7312,44,50,6,ORL1994
DAL,Dallas Mavericks,1994,183.1,11,0.493323171,24.625,6.6671,5.612636378,-11.3693625,21.7312,23,13,10,DAL1994
SAC,Sacramento Kings,1994,178.7,25,0.728597561,26.07692308,15.1525,8.289400171,-12.03971538,21.7312,33,28,5,SAC1994
LAC,Los Angeles Clippers,1994,177.2,41,0.673887195,26.71428571,24.8501,7.666949396,-12.33398571,21.7312,42,27,15,LAC1994
MIA,Miami Heat,1994,176,36,0.959044715,25,21.8196,10.91124354,-11.5425,21.7312,43,42,1,MIA1994
UTA,Utah Jazz,1994,172.3,47,0.649039634,28.46153846,28.4867,7.384253726,-13.14069231,21.7312,44,53,9,UTA1994
SEA,Seattle SuperSonics,1994,170.1,55,0.592571138,27.09090909,33.3355,6.741800354,-12.50787273,21.7312,49,63,14,SEA1994
SAS,San Antonio Spurs,1994,168.4,49,0.590523374,27.57142857,29.6989,6.71850253,-12.72972857,21.7312,45,55,10,SAS1994
HOU,Houston Rockets,1994,168.1,55,0.877418699,28.38461538,33.3355,9.982568024,-13.10517692,21.7312,52,58,6,HOU1994
NYK,New York Knicks,1994,167.7,60,0.95620935,27.84615385,36.366,10.87898501,-12.85656923,21.7312,56,57,1,NYK1994
ATL,Atlanta Hawks,1994,167.4,43,0.741224593,27.07692308,26.0623,8.433060445,-12.50141538,21.7312,44,57,13,ATL1994
POR,Portland Trail Blazers,1994,166.2,51,0.801946138,27.07692308,30.9111,9.123901604,-12.50141538,21.7312,49,47,2,POR1994
MIN,Minnesota Timberwolves,1994,162.7,19,0.743729675,25.84615385,11.5159,8.461561256,-11.93316923,21.7312,30,20,10,MIN1994
LAL,Los Angeles Lakers,1994,162.6,39,0.644776423,26.75,23.6379,7.335750317,-12.350475,21.7312,40,33,7,LAL1994
DEN,Denver Nuggets,1994,160.5,36,0.722972561,24.92307692,21.8196,8.225403421,-11.50698462,21.7312,40,42,2,DEN1994
CHH,Charlotte Hornets,1994,154.7,44,0.746824187,26.45454545,26.6684,8.49676814,-12.21406364,21.7312,45,41,4,CHH1994
DET,Detroit Pistons,1994,142.4,40,0.515289634,29.45454545,24.244,5.862553226,-13.59916364,21.7312,38,20,18,DET1994
SEA,Seattle SuperSonics,1995,238.9,63,0.85824187,27.21428571,38.1843,9.764389402,-12.56483571,21.7312,57,57,0,SEA1995
UTA,Utah Jazz,1995,220.6,53,0.653252033,26.42857143,32.1233,7.432179024,-12.20207143,21.7312,49,60,11,UTA1995
IND,Indiana Pacers,1995,208.1,47,0.84988313,27.66666667,28.4867,9.669290348,-12.7737,21.7312,47,52,5,IND1995
SAS,San Antonio Spurs,1995,208,55,0.689751016,29.30769231,33.3355,7.847435262,-13.53136154,21.7312,49,62,13,SAS1995
PHO,Phoenix Suns,1995,206.4,56,0.692601626,27.8,33.9416,7.87986722,-12.83526,21.7312,51,59,8,PHO1995
CLE,Cleveland Cavaliers,1995,204.2,47,0.687469512,27.93333333,28.4867,7.821478134,-12.89682,21.7312,45,43,2,CLE1995
LAL,Los Angeles Lakers,1995,196.3,33,0.795228659,27.5,20.0013,9.047475494,-12.69675,21.7312,38,48,10,LAL1995
HOU,Houston Rockets,1995,190.8,58,0.734410569,27.33333333,35.1538,8.355535927,-12.6198,21.7312,53,47,6,HOU1995
BOS,Boston Celtics,1995,190.8,32,0.673932927,26.85714286,19.3952,7.667469695,-12.39994286,21.7312,36,35,1,BOS1995
NYK,New York Knicks,1995,189.4,57,0.83734248,28.46153846,34.5477,9.52661286,-13.14069231,21.7312,53,55,2,NYK1995
WSB,Washington Bullets,1995,188.3,24,0.597291667,25.73333333,14.5464,6.79550675,-11.88108,21.7312,31,21,10,WSB1995
ORL,Orlando Magic,1995,184.7,50,0.791925813,27.14285714,30.305,9.00989836,-12.53185714,21.7312,49,57,8,ORL1995
LAC,Los Angeles Clippers,1995,184.2,27,0.458414634,25.93333333,16.3647,5.215474976,-11.97342,21.7312,31,17,14,LAC1995
GSW,Golden State Warriors,1995,182.9,50,0.48613313,25.07692308,30.305,5.530833848,-11.57801538,21.7312,46,26,20,GSW1995
DET,Detroit Pistons,1995,182.6,20,0.460376016,28.69230769,12.122,5.237790012,-13.24723846,21.7312,26,28,2,DET1995
CHI,Chicago Bulls,1995,179.2,55,0.725365854,27.71428571,33.3355,8.25263239,-12.79568571,21.7312,51,47,4,CHI1995
POR,Portland Trail Blazers,1995,178.6,47,0.81449187,27.07142857,28.4867,9.266636902,-12.49887857,21.7312,47,44,3,POR1995
ATL,Atlanta Hawks,1995,173,57,0.620284553,27.76923077,34.5477,7.057101415,-12.82105385,21.7312,51,42,9,ATL1995
NJN,New Jersey Nets,1995,172.9,45,0.890904472,26.5,27.2745,10.13599835,-12.23505,21.7312,47,30,17,NJN1995
MIA,Miami Heat,1995,172.4,42,0.483292683,25.83333333,25.4562,5.498517512,-11.92725,21.7312,41,32,9,MIA1995
CHH,Charlotte Hornets,1995,172.3,41,0.800203252,26.75,24.8501,9.104072439,-12.350475,21.7312,43,50,7,CHH1995
MIN,Minnesota Timberwolves,1995,172,20,0.650604675,25.64285714,12.122,7.402059506,-11.83930714,21.7312,29,21,8,MIN1995
DAL,Dallas Mavericks,1995,162.2,13,0.574283537,25.38461538,7.8793,6.533738652,-11.72007692,21.7312,24,36,12,DAL1995
DEN,Denver Nuggets,1995,154.3,42,0.98023374,24.86666667,25.4562,11.1523153,-11.48094,21.7312,47,41,6,DEN1995
PHI,Philadelphia 76ers,1995,145.2,25,0.522337398,26.46153846,15.1525,5.942737049,-12.21729231,21.7312,31,24,7,PHI1995
SAC,Sacramento Kings,1995,141,28,0.596194106,26.25,16.9708,6.783019579,-12.119625,21.7312,33,39,6,SAC1995
MIL,Milwaukee Bucks,1995,137,20,0.505172764,25.4,12.122,5.747451573,-11.72718,21.7312,28,34,6,MIL1995
DEN,Denver Nuggets,1996,237,41,0.737738821,26.47058824,24.8501,8.393402116,-12.22147059,21.7312,43,35,8,DEN1996
ORL,Orlando Magic,1996,225.4,57,0.93402439,27.26666667,34.5477,10.62658229,-12.58902,21.7312,54,60,6,ORL1996
PHO,Phoenix Suns,1996,219.1,59,0.708917683,28.2,35.7599,8.065498262,-13.01994,21.7312,53,41,12,PHO1996
GSW,Golden State Warriors,1996,217,26,0.314644309,27.5,15.7586,3.579771232,-12.69675,21.7312,28,36,8,GSW1996
CLE,Cleveland Cavaliers,1996,216,43,0.660889228,28.93333333,26.0623,7.519068921,-13.35852,21.7312,42,47,5,CLE1996
LAL,Los Angeles Lakers,1996,209.2,48,0.826671748,27.33333333,29.0928,9.405209811,-12.6198,21.7312,48,53,5,LAL1996
CHI,Chicago Bulls,1996,208.3,47,0.649618902,27.86666667,28.4867,7.390844177,-12.86604,21.7312,45,72,27,CHI1996
LAC,Los Angeles Clippers,1996,196.7,17,0.743338415,25.0625,10.3037,8.457109811,-11.57135625,21.7312,29,29,0,LAC1996
BOS,Boston Celtics,1996,192.1,35,0.594496951,26.64285714,21.2135,6.763710713,-12.30100714,21.7312,37,33,4,BOS1996
IND,Indiana Pacers,1996,189.8,52,0.77527439,28.85714286,31.5172,8.820451793,-13.32334286,21.7312,49,52,3,IND1996
CHH,Charlotte Hornets,1996,185.4,50,0.600264228,28.6,30.305,6.829326171,-13.20462,21.7312,46,41,5,CHH1996
WSB,Washington Bullets,1996,185.1,21,0.552510163,25.2,12.7281,6.286018622,-11.63484,21.7312,29,39,10,WSB1996
DET,Detroit Pistons,1996,183.9,28,0.689349593,26.35714286,16.9708,7.842868195,-12.16909286,21.7312,34,46,12,DET1996
PHI,Philadelphia 76ers,1996,180.3,24,0.294893293,25.6875,14.5464,3.35505997,-11.85991875,21.7312,28,18,10,PHI1996
UTA,Utah Jazz,1996,175.4,60,0.808658537,28.91666667,36.366,9.200269902,-13.350825,21.7312,54,55,1,UTA1996
SEA,Seattle SuperSonics,1996,173.5,57,0.799817073,27.92857143,34.5477,9.099678805,-12.89462143,21.7312,52,64,12,SEA1996
SAS,San Antonio Spurs,1996,170.3,62,0.677962398,28.78571429,37.5782,7.713313799,-13.29036429,21.7312,54,59,5,SAS1996
MIL,Milwaukee Bucks,1996,170.1,34,0.611239837,26.78571429,20.6074,6.954197878,-12.36696429,21.7312,37,25,12,MIL1996
DAL,Dallas Mavericks,1996,161.7,36,0.818262195,24.66666667,21.8196,9.309532646,-11.3886,21.7312,41,26,15,DAL1996
POR,Portland Trail Blazers,1996,160.3,44,0.700843496,29.25,26.6684,7.973636622,-13.504725,21.7312,43,44,1,POR1996
HOU,Houston Rockets,1996,159.4,47,0.674684959,27.92307692,28.4867,7.67602572,-12.89208462,21.7312,45,48,3,HOU1996
NYK,New York Knicks,1996,159.1,55,0.720132114,28.28571429,33.3355,8.193087085,-13.05951429,21.7312,50,47,3,NYK1996
SAC,Sacramento Kings,1996,157.7,39,0.646478659,26.07142857,23.6379,7.355116994,-12.03717857,21.7312,41,39,2,SAC1996
MIN,Minnesota Timberwolves,1996,151,21,0.254283537,26.28571429,12.7281,2.893034652,-12.13611429,21.7312,25,26,1,MIN1996
MIA,Miami Heat,1996,150.9,32,0.043445122,26.54545455,19.3952,0.494283841,-12.25603636,21.7312,29,42,13,MIA1996
ATL,Atlanta Hawks,1996,150.6,42,0.430965447,28.92857143,25.4562,4.903180085,-13.35632143,21.7312,39,46,7,ATL1996
NJN,New Jersey Nets,1996,145.4,30,0.408485772,27.66666667,18.183,4.647424329,-12.7737,21.7312,32,30,2,NJN1996
WSB,Washington Bullets,1997,304.6,39,0.535335366,26.05555556,23.6379,6.090617524,-12.02985,21.7312,39,44,5,WSB1997
HOU,Houston Rockets,1997,232.8,48,0.382815041,28.77777778,29.0928,4.35536328,-13.2867,21.7312,42,57,15,HOU1997
PHO,Phoenix Suns,1997,217.1,41,0.418170732,27.57142857,24.8501,4.757612049,-12.72972857,21.7312,39,40,1,PHO1997
ORL,Orlando Magic,1997,212.1,60,0.663297764,27.71428571,36.366,7.546471323,-12.79568571,21.7312,53,45,8,ORL1997
LAL,Los Angeles Lakers,1997,196.1,53,0.41210874,27.5,32.1233,4.688643555,-12.69675,21.7312,46,56,10,LAL1997
IND,Indiana Pacers,1997,194.6,52,0.715599593,28.92857143,31.5172,8.141519695,-13.35632143,21.7312,48,39,9,IND1997
CLE,Cleveland Cavaliers,1997,192.6,47,0.686143293,26.4,28.4867,7.80638947,-12.18888,21.7312,46,42,4,CLE1997
CHI,Chicago Bulls,1997,185.8,72,0.979110772,29.64285714,43.6392,11.13953908,-13.68610714,21.7312,63,69,6,CHI1997
SEA,Seattle SuperSonics,1997,183,64,0.787942073,29.07692308,38.7904,8.964574555,-13.42481538,21.7312,56,57,1,SEA1997
UTA,Utah Jazz,1997,182.6,55,0.82773374,27.92857143,33.3355,9.417292305,-12.89462143,21.7312,52,64,12,UTA1997
LAC,Los Angeles Clippers,1997,169.1,29,0.855172764,24.92307692,17.5769,9.729471573,-11.50698462,21.7312,38,36,2,LAC1997
POR,Portland Trail Blazers,1997,168.6,44,0.424527439,27.23076923,26.6684,4.829933579,-12.57244615,21.7312,41,49,8,POR1997
DAL,Dallas Mavericks,1997,165.3,26,0,25.08333333,15.7586,0,-11.580975,21.7312,26,24,2,DAL1997
DEN,Denver Nuggets,1997,163.1,35,0.509639228,26.53846154,21.2135,5.798267421,-12.25280769,21.7312,36,21,15,DEN1997
DET,Detroit Pistons,1997,161.4,46,0.730848577,26.84615385,27.8806,8.315010433,-12.39486923,21.7312,46,54,8,DET1997
CHH,Charlotte Hornets,1997,160.1,41,0.429542683,28.23076923,24.8501,4.886993012,-13.03414615,21.7312,38,54,16,CHH1997
SAC,Sacramento Kings,1997,159.6,39,0.77070122,25.75,23.6379,8.768421915,-11.888775,21.7312,42,34,8,SAC1997
ATL,Atlanta Hawks,1997,159,46,0.405030488,27.66666667,27.8806,4.608112866,-12.7737,21.7312,41,56,15,ATL1997
VAN,Vancouver Grizzlies,1997,155.8,15,0.401295732,26.92307692,9.0915,4.565621799,-12.43038462,21.7312,23,14,9,VAN1997
SAS,San Antonio Spurs,1997,152.7,59,0.73484248,28.90909091,35.7599,8.36044986,-13.34732727,21.7312,53,20,33,SAS1997
PHI,Philadelphia 76ers,1997,151.8,18,0.319242886,27.21428571,10.9098,3.632090165,-12.56483571,21.7312,24,22,2,PHI1997
BOS,Boston Celtics,1997,150.6,33,0.775670732,24.92857143,20.0013,8.824961049,-11.50952143,21.7312,39,15,24,BOS1997
TOR,Toronto Raptors,1997,146.8,21,0.275746951,24.75,12.7281,3.137228213,-11.427075,21.7312,26,30,4,TOR1997
GSW,Golden State Warriors,1997,145.9,36,0.554115854,25.81818182,21.8196,6.30428689,-11.92025455,21.7312,38,30,8,GSW1997
MIN,Minnesota Timberwolves,1997,129.5,26,0.558409553,26.08333333,15.7586,6.353137165,-12.042675,21.7312,32,40,8,MIN1997
NJN,New Jersey Nets,1997,120.5,30,0.18203252,28.3,18.183,2.07102039,-13.06611,21.7312,29,26,3,NJN1997
NYK,New York Knicks,1997,120.2,47,0.398338415,29.75,28.4867,4.531975811,-13.735575,21.7312,41,57,16,NYK1997
MIL,Milwaukee Bucks,1997,113.2,25,0.470416667,28.2,15.1525,5.3520245,-13.01994,21.7312,29,33,4,MIL1997
MIA,Miami Heat,1997,101.2,42,0.332982724,26.88888889,25.4562,3.788411043,-12.4146,21.7312,39,61,22,MIA1997
CHI,Chicago Bulls,1998,215.6,69,0.882647358,30.06666667,41.8209,10.04205552,-13.88178,21.7312,60,62,2,CHI1998
SEA,Seattle SuperSonics,1998,211.7,57,0.677876016,29.5,34.5477,7.712331012,-13.62015,21.7312,50,61,11,SEA1998
MIA,Miami Heat,1998,209,61,0.678135163,27.53333333,36.9721,7.715279372,-12.71214,21.7312,54,55,1,MIA1998
BOS,Boston Celtics,1998,197.5,15,0.220965447,27.41176471,9.0915,2.513968085,-12.65601176,21.7312,21,36,15,BOS1998
HOU,Houston Rockets,1998,197,57,0.852281504,29.8125,34.5477,9.696577128,-13.76443125,21.7312,52,41,11,HOU1998
LAL,Los Angeles Lakers,1998,195,56,0.719908537,26.66666667,33.9416,8.190543402,-12.312,21.7312,52,61,9,LAL1998
LAC,Los Angeles Clippers,1998,190.3,36,0.61886687,26.07142857,21.8196,7.040972152,-12.03717857,21.7312,39,17,22,LAC1998
TOR,Toronto Raptors,1998,188.3,30,0.449893293,27.52941176,18.183,5.11852597,-12.71032941,21.7312,32,16,16,TOR1998
PHI,Philadelphia 76ers,1998,188.2,22,0.44726626,26,13.3342,5.088637695,-12.0042,21.7312,28,31,3,PHI1998
SAS,San Antonio Spurs,1998,184,20,0.577042683,30.23076923,12.122,6.565130012,-13.95754615,21.7312,26,56,30,SAS1998
POR,Portland Trail Blazers,1998,178.3,49,0.367855691,26.07692308,29.6989,4.185167768,-12.03971538,21.7312,44,46,2,POR1998
SAC,Sacramento Kings,1998,174.9,34,0.624456301,27.14285714,20.6074,7.104564226,-12.53185714,21.7312,37,27,10,SAC1998
ORL,Orlando Magic,1998,172.4,45,0.641814024,28.21428571,27.2745,7.302046518,-13.02653571,21.7312,43,41,2,ORL1998
DET,Detroit Pistons,1998,171.5,54,0.564679878,28.08333333,32.7294,6.424475909,-12.966075,21.7312,48,37,11,DET1998
CLE,Cleveland Cavaliers,1998,166.2,42,0.314695122,26.15384615,25.4562,3.580349341,-12.07523077,21.7312,39,47,8,CLE1998
NYK,New York Knicks,1998,166.1,57,0.945569106,29.30769231,34.5477,10.75792883,-13.53136154,21.7312,54,43,11,NYK1998
IND,Indiana Pacers,1998,162.4,39,0.746473577,27.16666667,23.6379,8.492779183,-12.54285,21.7312,41,58,17,IND1998
UTA,Utah Jazz,1998,162.2,64,0.978231707,28.72727273,38.7904,11.12953778,-13.26338182,21.7312,58,62,4,UTA1998
ATL,Atlanta Hawks,1998,162.2,56,0.813739837,27.4375,33.9416,9.258080878,-12.66789375,21.7312,52,50,2,ATL1998
VAN,Vancouver Grizzlies,1998,160.2,14,0.543119919,25.23076923,8.4854,6.179183939,-11.64904615,21.7312,25,19,6,VAN1998
PHO,Phoenix Suns,1998,159.8,40,0.536707317,28.25,24.244,6.106226488,-13.043025,21.7312,39,56,17,PHO1998
MIN,Minnesota Timberwolves,1998,159.6,40,0.80125,26.83333333,24.244,9.1159815,-12.38895,21.7312,43,45,2,MIN1998
CHH,Charlotte Hornets,1998,145.5,54,0.634110772,29.09090909,32.7294,7.214405079,-13.43127273,21.7312,48,51,3,CHH1998
GSW,Golden State Warriors,1998,144.8,30,0.330919715,25.90909091,18.183,3.764939787,-11.96222727,21.7312,32,19,13,GSW1998
DEN,Denver Nuggets,1998,139.1,21,0.192621951,27.3,12.7281,2.191498463,-12.60441,21.7312,24,11,13,DEN1998
MIL,Milwaukee Bucks,1998,125.7,33,0.53296748,28,20.0013,6.06367761,-12.9276,21.7312,35,36,1,MIL1998
NJN,New Jersey Nets,1998,121.4,26,0.467261179,28.1,15.7586,5.316123884,-12.97377,21.7312,30,43,13,NJN1998
DAL,Dallas Mavericks,1998,59.5,24,0.069146341,28.83333333,14.5464,0.786691756,-13.31235,21.7312,24,20,4,DAL1998
DET,Detroit Pistons,2000,253,29,0.42695122,27,17.5769,4.857509415,-12.4659,21.7312,32,42,10,DET2000
DEN,Denver Nuggets,2000,250.5,14,0.406224593,24.4,8.4854,4.621698445,-11.26548,21.7312,24,35,11,DEN2000
POR,Portland Trail Blazers,2000,225.7,35,0.406387195,27.4,21.2135,4.623548396,-12.65058,21.7312,35,59,24,POR2000
PHO,Phoenix Suns,2000,224.7,27,0.393556911,27.70588235,16.3647,4.477575683,-12.79180588,21.7312,30,53,23,PHO2000
SAS,San Antonio Spurs,2000,213,37,0.584613821,29.64285714,22.4257,6.651268366,-13.68610714,21.7312,37,53,16,SAS2000
LAC,Los Angeles Clippers,2000,199.4,9,0.314136179,25.73333333,5.4549,3.573990134,-11.88108,21.7312,19,15,4,LAC2000
SEA,Seattle SuperSonics,2000,199.1,25,0.201310976,27.8,15.1525,2.290355232,-12.83526,21.7312,26,45,19,SEA2000
ATL,Atlanta Hawks,2000,194,31,0.236077236,28,18.7891,2.685897927,-12.9276,21.7312,30,28,2,ATL2000
LAL,Los Angeles Lakers,2000,192.7,31,0.412571138,27.07692308,18.7891,4.693904354,-12.50141538,21.7312,33,67,34,LAL2000
SAC,Sacramento Kings,2000,185.4,27,0.488556911,25.92857143,16.3647,5.558409683,-11.97122143,21.7312,32,44,12,SAC2000
NYK,New York Knicks,2000,185.4,27,0.601112805,29.92307692,16.3647,6.838980604,-13.81548462,21.7312,31,50,19,NYK2000
WAS,Washington Wizards,2000,179.5,18,0.317881098,27.66666667,10.9098,3.616596823,-12.7737,21.7312,23,29,6,WAS2000
HOU,Houston Rockets,2000,178.1,31,0.298292683,29.85714286,18.7891,3.393735512,-13.78504286,21.7312,30,34,4,HOU2000
MIA,Miami Heat,2000,178,33,0.499954268,29.35294118,20.0013,5.688079701,-13.55225294,21.7312,34,52,18,MIA2000
DAL,Dallas Mavericks,2000,177.6,19,0.49351626,26.07142857,11.5159,5.614833195,-12.03717857,21.7312,27,40,13,DAL2000
IND,Indiana Pacers,2000,175.2,33,0.544405488,29,20.0013,6.193810116,-13.3893,21.7312,35,56,21,IND2000
UTA,Utah Jazz,2000,168.5,37,0.485609756,29.28571429,22.4257,5.524879317,-13.52121429,21.7312,36,55,19,UTA2000
VAN,Vancouver Grizzlies,2000,161.9,8,0.361392276,25.71428571,4.8488,4.111632207,-11.87228571,21.7312,19,22,3,VAN2000
GSW,Golden State Warriors,2000,160.1,21,0.387063008,28.46153846,12.7281,4.403693256,-13.14069231,21.7312,26,19,7,GSW2000
MIL,Milwaukee Bucks,2000,158.7,28,0.315172764,29.2,16.9708,3.585783573,-13.48164,21.7312,29,42,13,MIL2000
CHI,Chicago Bulls,2000,158.6,13,0.184913618,27.66666667,7.8793,2.103799213,-12.7737,21.7312,19,17,2,CHI2000
BOS,Boston Celtics,2000,154.6,19,0.362083333,25.61538462,11.5159,4.1194945,-11.82662308,21.7312,26,35,9,BOS2000
MIN,Minnesota Timberwolves,2000,144.2,25,0.462830285,27.07692308,15.1525,5.265712713,-12.50141538,21.7312,30,50,20,MIN2000
PHI,Philadelphia 76ers,2000,142.6,28,0.47120935,26.92307692,16.9708,5.361043012,-12.43038462,21.7312,32,49,17,PHI2000
CLE,Cleveland Cavaliers,2000,141.1,22,0.386971545,26.61538462,13.3342,4.402652659,-12.28832308,21.7312,27,32,5,CLE2000
CHH,Charlotte Hornets,2000,120.3,26,0.321788618,29.08333333,15.7586,3.661053463,-13.427775,21.7312,28,49,21,CHH2000
TOR,Toronto Raptors,2000,114.6,23,0.555533537,27.13333333,13.9403,6.320416152,-12.52746,21.7312,29,45,16,TOR2000
ORL,Orlando Magic,2000,111.2,33,0.251107724,29.28571429,20.0013,2.856902793,-13.52121429,21.7312,31,41,10,ORL2000
NJN,New Jersey Nets,2000,43.5,16,0.321463415,27.33333333,9.6976,3.657353561,-12.6198,21.7312,22,31,9,NJN2000
HOU,Houston Rockets,2001,237.3,34,0.858191057,27.6875,20.6074,9.763811293,-12.78331875,21.7312,39,45,6,HOU2001
PHO,Phoenix Suns,2001,217,53,0.661702236,29.17647059,32.1233,7.528318677,-13.47077647,21.7312,48,51,3,PHO2001
IND,Indiana Pacers,2001,215.9,56,0.659476626,29,33.9416,7.50299747,-13.3893,21.7312,50,41,9,IND2001
MIA,Miami Heat,2001,206.2,52,0.445614837,28.4,31.5172,5.069849128,-13.11228,21.7312,45,50,5,MIA2001
NJN,New Jersey Nets,2001,199.9,31,0.775706301,28.64285714,18.7891,8.825365726,-13.22440714,21.7312,36,26,10,NJN2001
WAS,Washington Wizards,2001,197.8,29,0.475482724,27.46666667,17.5769,5.409662043,-12.68136,21.7312,32,19,13,WAS2001
SAS,San Antonio Spurs,2001,197.4,53,0.792139228,30.35714286,32.1233,9.012326421,-14.01589286,21.7312,49,58,9,SAS2001
POR,Portland Trail Blazers,2001,196.8,59,0.892591463,30.14285714,35.7599,10.1551916,-13.91695714,21.7312,54,50,4,POR2001
SAC,Sacramento Kings,2001,188.9,44,0.833577236,28.14285714,26.6684,9.483774927,-12.99355714,21.7312,45,55,10,SAC2001
DAL,Dallas Mavericks,2001,183.6,40,0.561753049,26.5625,24.244,6.391176787,-12.26390625,21.7312,40,53,13,DAL2001
SEA,Seattle SuperSonics,2001,182.2,45,0.744207317,28.06666667,27.2745,8.466995488,-12.95838,21.7312,45,44,1,SEA2001
LAL,Los Angeles Lakers,2001,181.3,67,0.733038618,28.21428571,40.6087,8.339926963,-13.02653571,21.7312,58,56,2,LAL2001
GSW,Golden State Warriors,2001,178.7,19,0.437581301,27.64285714,11.5159,4.978449976,-12.76270714,21.7312,25,17,8,GSW2001
VAN,Vancouver Grizzlies,2001,177.7,22,0.669512195,27.26666667,13.3342,7.617174146,-12.58902,21.7312,30,23,7,VAN2001
MIN,Minnesota Timberwolves,2001,176.7,50,0.735513211,27,30.305,8.368080909,-12.4659,21.7312,48,47,1,MIN2001
BOS,Boston Celtics,2001,175.2,35,0.79609248,26.14285714,21.2135,9.05730336,-12.07015714,21.7312,40,36,4,BOS2001
TOR,Toronto Raptors,2001,173.5,45,0.611204268,28.35714286,27.2745,6.953793201,-13.09249286,21.7312,43,47,4,TOR2001
DEN,Denver Nuggets,2001,171.6,35,0.652469512,25.84615385,21.2135,7.423276134,-11.93316923,21.7312,38,40,2,DEN2001
PHI,Philadelphia 76ers,2001,169.8,49,0.818734756,26.23076923,29.6989,9.314909067,-12.11074615,21.7312,49,56,7,PHI2001
MIL,Milwaukee Bucks,2001,166.2,42,0.799822154,27.83333333,25.4562,9.099736616,-12.85065,21.7312,43,52,9,MIL2001
ATL,Atlanta Hawks,2001,162.1,28,0.376122967,26.16666667,16.9708,4.279226226,-12.08115,21.7312,31,25,6,ATL2001
ORL,Orlando Magic,2001,161.9,41,0.554903455,25.69230769,24.8501,6.313247591,-11.86213846,21.7312,41,43,2,ORL2001
UTA,Utah Jazz,2001,161.3,55,0.707083333,29.91666667,33.3355,8.0446285,-13.812525,21.7312,49,53,4,UTA2001
CHI,Chicago Bulls,2001,157.9,17,0.402398374,26.6,10.3037,4.57816678,-12.28122,21.7312,24,15,9,CHI2001
DET,Detroit Pistons,2001,157.5,42,0.29972561,28,25.4562,3.410038207,-12.9276,21.7312,38,32,6,DET2001
CHH,Charlotte Hornets,2001,155.8,49,0.523861789,26.66666667,29.6989,5.960080341,-12.312,21.7312,45,46,1,CHH2001
CLE,Cleveland Cavaliers,2001,153.1,32,0.39441565,27.06666667,19.3952,4.487345738,-12.49668,21.7312,33,30,3,CLE2001
NYK,New York Knicks,2001,148.5,50,0.722977642,29.71428571,30.305,8.225461232,-13.71908571,21.7312,47,48,1,NYK2001
LAC,Los Angeles Clippers,2001,146,15,0.424054878,25.46666667,9.0915,4.824557159,-11.75796,21.7312,24,31,7,LAC2001
POR,Portland Trail Blazers,2002,234.8,50,0.660909553,31.06666667,30.305,7.519300165,-14.34348,21.7312,45,49,4,POR2002
SAS,San Antonio Spurs,2002,212.8,58,0.619466463,29.66666667,35.1538,7.047793848,-13.6971,21.7312,50,58,8,SAS2002
LAL,Los Angeles Lakers,2002,209.6,56,0.724303862,28.13333333,33.9416,8.240549896,-12.98916,21.7312,51,58,7,LAL2002
SEA,Seattle SuperSonics,2002,205.2,44,0.652982724,28.07142857,26.6684,7.429115043,-12.96057857,21.7312,43,45,2,SEA2002
CLE,Cleveland Cavaliers,2002,203.7,30,0.494629065,26.93333333,18.183,5.627493799,-12.43512,21.7312,33,29,4,CLE2002
MIA,Miami Heat,2002,194,50,0.382870935,29.33333333,30.305,4.355999201,-13.5432,21.7312,43,36,7,MIA2002
SAC,Sacramento Kings,2002,191.2,55,0.830574187,27.42857143,33.3355,9.44960864,-12.66377143,21.7312,52,61,9,SAC2002
UTA,Utah Jazz,2002,187.9,53,0.751077236,29.85714286,32.1233,8.545155927,-13.78504286,21.7312,49,44,5,UTA2002
HOU,Houston Rockets,2002,187.7,45,0.627123984,27,27.2745,7.134914988,-12.4659,21.7312,44,28,16,HOU2002
MIL,Milwaukee Bucks,2002,186.7,52,0.826128049,27.33333333,31.5172,9.399024037,-12.6198,21.7312,50,41,9,MIL2002
ORL,Orlando Magic,2002,186.7,43,0.711392276,26.86666667,26.0623,8.093652207,-12.40434,21.7312,43,44,1,ORL2002
NJN,New Jersey Nets,2002,182.8,26,0.427642276,26.8125,15.7586,4.865371707,-12.37933125,21.7312,30,52,22,NJN2002
BOS,Boston Celtics,2002,180,36,0.745086382,25.86666667,21.8196,8.476996787,-11.94264,21.7312,40,49,9,BOS2002
LAC,Los Angeles Clippers,2002,174.7,31,0.900797764,24.46153846,18.7891,10.24855632,-11.29389231,21.7312,39,39,0,LAC2002
MIN,Minnesota Timberwolves,2002,172.5,47,0.785838415,28.35714286,28.4867,8.940640811,-13.09249286,21.7312,46,50,4,MIN2002
CHI,Chicago Bulls,2002,168.1,15,0.292931911,23.0625,9.0915,3.332744933,-10.64795625,21.7312,24,21,3,CHI2002
GSW,Golden State Warriors,2002,168.1,17,0.633460366,26.8125,10.3037,7.207005274,-12.37933125,21.7312,27,21,6,GSW2002
CHH,Charlotte Hornets,2002,167.6,46,0.812906504,28.6,27.8806,9.248599878,-13.20462,21.7312,46,44,2,CHH2002
DEN,Denver Nuggets,2002,163.9,40,0.507764228,27.61538462,24.244,5.776935171,-12.75002308,21.7312,39,27,12,DEN2002
IND,Indiana Pacers,2002,161.9,41,0.580934959,27.2,24.8501,6.60941322,-12.55824,21.7312,41,42,1,IND2002
DAL,Dallas Mavericks,2002,155.2,53,0.622327236,25.72727273,32.1233,7.080341427,-11.87828182,21.7312,49,57,8,DAL2002
PHI,Philadelphia 76ers,2002,148.9,56,0.390675813,26.63636364,33.9416,4.44479686,-12.29800909,21.7312,48,43,5,PHI2002
PHO,Phoenix Suns,2002,144.9,51,0.287515244,28.72727273,30.9111,3.271118433,-13.26338182,21.7312,43,36,7,PHO2002
DET,Detroit Pistons,2002,143.4,32,0.618892276,27.33333333,19.3952,7.041261207,-12.6198,21.7312,36,50,14,DET2002
NYK,New York Knicks,2002,133.7,48,0.617947154,29.09090909,29.0928,7.030508366,-13.43127273,21.7312,44,30,14,NYK2002
WAS,Washington Wizards,2002,126.4,19,0.320325203,27,11.5159,3.644403902,-12.4659,21.7312,24,37,13,WAS2002
ATL,Atlanta Hawks,2002,123.9,25,0.477804878,25.08333333,15.1525,5.436081659,-11.580975,21.7312,31,33,2,ATL2002
TOR,Toronto Raptors,2002,109.4,47,0.558968496,30.2,28.4867,6.359496372,-13.94334,21.7312,43,42,1,TOR2002
LAL,Los Angeles Lakers,2003,220.8,58,0.879796748,28,35.1538,10.00962356,-12.9276,21.7312,54,50,4,LAL2003
SEA,Seattle SuperSonics,2003,220.5,45,0.477281504,26,27.2745,5.430127128,-12.0042,21.7312,42,40,2,SEA2003
ATL,Atlanta Hawks,2003,213.7,33,0.606864837,26.41176471,20.0013,6.904422628,-12.19431176,21.7312,36,35,1,ATL2003
DET,Detroit Pistons,2003,213.4,50,0.753612805,28.13333333,30.305,8.574003604,-12.98916,21.7312,48,50,2,DET2003
POR,Portland Trail Blazers,2003,204.5,49,0.863043699,28.73333333,29.6989,9.819020774,-13.26618,21.7312,48,50,2,POR2003
TOR,Toronto Raptors,2003,202.8,42,0.614222561,28.8,25.4562,6.988132921,-13.29696,21.7312,41,24,17,TOR2003
WAS,Washington Wizards,2003,201.1,37,0.476534553,26.35714286,22.4257,5.421628915,-12.16909286,21.7312,37,37,0,WAS2003
SAS,San Antonio Spurs,2003,199.9,58,0.739471545,28.86666667,35.1538,8.413115659,-13.32774,21.7312,52,60,8,SAS2003
PHI,Philadelphia 76ers,2003,196.8,43,0.426803862,27.38888889,26.0623,4.855832896,-12.64545,21.7312,40,48,8,PHI2003
LAC,Los Angeles Clippers,2003,191.4,39,0.675797764,25.13333333,23.6379,7.688686323,-11.60406,21.7312,41,27,14,LAC2003
SAC,Sacramento Kings,2003,189.9,61,0.990955285,27.30769231,36.9721,11.27429646,-12.60796154,21.7312,57,59,2,SAC2003
MIN,Minnesota Timberwolves,2003,189.3,50,0.718546748,27.14285714,30.305,8.175050061,-12.53185714,21.7312,48,51,3,MIN2003
ORL,Orlando Magic,2003,188.2,44,0.607601626,28.33333333,26.6684,6.91280522,-13.0815,21.7312,42,42,0,ORL2003
CLE,Cleveland Cavaliers,2003,186.5,29,0.365050813,25.86666667,17.5769,4.15325611,-11.94264,21.7312,32,17,15,CLE2003
HOU,Houston Rockets,2003,184.2,28,0.69117378,26.42857143,16.9708,7.863622335,-12.20207143,21.7312,34,43,9,HOU2003
UTA,Utah Jazz,2003,181.5,44,0.677103659,28.78571429,26.6684,7.703543744,-13.29036429,21.7312,43,47,4,UTA2003
MIA,Miami Heat,2003,178.5,36,0.551631098,28.17647059,21.8196,6.276017323,-13.00907647,21.7312,37,25,12,MIA2003
MEM,Memphis Grizzlies,2003,177.4,23,0.643770325,26.64705882,13.9403,7.324303744,-12.30294706,21.7312,31,28,3,MEM2003
MIL,Milwaukee Bucks,2003,173.7,41,0.621036585,28.23076923,24.8501,7.065657439,-13.03414615,21.7312,41,42,1,MIL2003
GSW,Golden State Warriors,2003,172.3,21,0.85703252,25.38461538,12.7281,9.75063039,-11.72007692,21.7312,32,38,6,GSW2003
DEN,Denver Nuggets,2003,168,27,0.099039634,27.46153846,16.3647,1.126793726,-12.67899231,21.7312,27,17,10,DEN2003
NJN,New Jersey Nets,2003,165,52,0.791001016,25.78571429,31.5172,8.999376762,-11.90526429,21.7312,50,49,1,NJN2003
NYK,New York Knicks,2003,154.3,30,0.822215447,29.85714286,18.183,9.354509585,-13.78504286,21.7312,35,37,2,NYK2003
DAL,Dallas Mavericks,2003,154.1,57,0.623577236,28.08333333,34.5477,7.094562927,-12.966075,21.7312,50,60,10,DAL2003
BOS,Boston Celtics,2003,144.7,49,0.570823171,26.16666667,29.6989,6.494369378,-12.08115,21.7312,46,44,2,BOS2003
IND,Indiana Pacers,2003,143.9,42,0.72515752,24.45454545,25.4562,8.25026214,-11.29066364,21.7312,44,48,4,IND2003
PHO,Phoenix Suns,2003,137.8,36,0.651900407,27.09090909,21.8196,7.416801305,-12.50787273,21.7312,38,44,6,PHO2003
CHI,Chicago Bulls,2003,119,21,0.504186992,24,12.7281,5.736236244,-11.0808,21.7312,29,30,1,CHI2003
TOR,Toronto Raptors,2004,220,24,0.358689024,27.29411765,14.5464,4.080876768,-12.60169412,21.7312,28,33,5,TOR2004
DAL,Dallas Mavericks,2004,215,60,0.574913618,29.1875,36.366,6.540907213,-13.47586875,21.7312,51,52,1,DAL2004
IND,Indiana Pacers,2004,208.7,48,0.739654472,26,29.0928,8.415196854,-12.0042,21.7312,47,61,14,IND2004
WAS,Washington Wizards,2004,206.5,37,0.62238313,27,22.4257,7.080977348,-12.4659,21.7312,39,25,14,WAS2004
POR,Portland Trail Blazers,2004,205,50,0.480106707,28.73333333,30.305,5.46227003,-13.26618,21.7312,44,41,3,POR2004
LAC,Los Angeles Clippers,2004,200.2,27,0.480376016,25.33333333,16.3647,5.465334012,-11.6964,21.7312,32,28,4,LAC2004
GSW,Golden State Warriors,2004,195.5,38,0.522235772,25.1875,23.0318,5.941580829,-11.62906875,21.7312,39,37,2,GSW2004
SAC,Sacramento Kings,2004,192.1,59,0.723831301,27.5,35.7599,8.235173476,-12.69675,21.7312,53,55,2,SAC2004
MIN,Minnesota Timberwolves,2004,191.7,51,0.456285569,28.38461538,30.9111,5.191252177,-13.10517692,21.7312,45,58,13,MIN2004
CHI,Chicago Bulls,2004,188.6,30,0.384126016,25.13333333,18.183,4.370278512,-11.60406,21.7312,33,23,10,CHI2004
DET,Detroit Pistons,2004,179,50,0.594674797,29,30.305,6.765734098,-13.3893,21.7312,45,54,9,DET2004
NOH,New Orleans Hornets,2004,177.5,47,0.825995935,28.07142857,28.4867,9.397520951,-12.96057857,21.7312,47,41,6,NOH2004
LAL,Los Angeles Lakers,2004,175.9,50,0.714029472,27.42857143,30.305,8.123656104,-12.66377143,21.7312,47,56,9,LAL2004
HOU,Houston Rockets,2004,173.2,43,0.581737805,25.61538462,26.0623,6.618547354,-11.82662308,21.7312,43,45,2,HOU2004
UTA,Utah Jazz,2004,171.8,47,0.376443089,29.53846154,28.4867,4.282868317,-13.63790769,21.7312,41,42,1,UTA2004
MEM,Memphis Grizzlies,2004,167.8,28,0.639044715,24.92307692,16.9708,7.270539537,-11.50698462,21.7312,34,50,16,MEM2004
NYK,New York Knicks,2004,164.6,37,0.47925813,28.53846154,22.4257,5.452615598,-13.17620769,21.7312,36,39,3,NYK2004
SAS,San Antonio Spurs,2004,164.1,60,0.646498984,29.84615385,36.366,7.355348238,-13.77996923,21.7312,52,57,5,SAS2004
ORL,Orlando Magic,2004,162.9,42,0.371382114,27.75,25.4562,4.225288585,-12.812175,21.7312,39,21,18,ORL2004
MIA,Miami Heat,2004,160.9,25,0.564933943,26.42857143,15.1525,6.427366457,-12.20207143,21.7312,31,42,11,MIA2004
PHO,Phoenix Suns,2004,160.6,44,0.522611789,26.28571429,26.6684,5.945858841,-12.13611429,21.7312,42,29,13,PHO2004
ATL,Atlanta Hawks,2004,158.8,35,0.234166667,27.72222222,21.2135,2.664161,-12.79935,21.7312,33,28,5,ATL2004
PHI,Philadelphia 76ers,2004,157.7,48,0.646859756,28,29.0928,7.359452817,-12.9276,21.7312,45,33,12,PHI2004
DEN,Denver Nuggets,2004,151,17,0.394161585,24.30769231,10.3037,4.484455189,-11.22286154,21.7312,25,43,18,DEN2004
CLE,Cleveland Cavaliers,2004,149,17,0.346026423,22.75,10.3037,3.936811817,-10.503675,21.7312,25,35,10,CLE2004
NJN,New Jersey Nets,2004,148.9,49,0.929507114,27.93333333,29.6989,10.57518834,-12.89682,21.7312,49,47,2,NJN2004
MIL,Milwaukee Bucks,2004,143.9,42,0.264918699,27.54545455,25.4562,3.014033024,-12.71773636,21.7312,37,41,4,MIL2004
BOS,Boston Celtics,2004,129.9,44,0.25652439,27.08333333,26.6684,2.918529293,-12.504375,21.7312,39,36,3,BOS2004
SEA,Seattle SuperSonics,2004,109.1,40,0.558445122,25.2,24.244,6.353541841,-11.63484,21.7312,41,37,4,SEA2004
SEA,Seattle SuperSonics,2005,217.2,37,0.79898374,25.92857143,22.4257,9.090197805,-11.97122143,21.7312,41,52,11,SEA2005
LAL,Los Angeles Lakers,2005,208.8,56,0.355965447,28.66666667,33.9416,4.049890085,-13.2354,21.7312,46,34,12,LAL2005
GSW,Golden State Warriors,2005,201.5,37,0.470772358,28.375,22.4257,5.356071268,-13.1007375,21.7312,36,34,2,GSW2005
DAL,Dallas Mavericks,2005,199.9,52,0.462357724,27.5,31.5172,5.260336293,-12.69675,21.7312,46,58,12,DAL2005
MIN,Minnesota Timberwolves,2005,199,58,0.890442073,28.5625,35.1538,10.13073755,-13.18730625,21.7312,54,44,10,MIN2005
IND,Indiana Pacers,2005,197,61,0.824202236,26.46666667,36.9721,9.377113677,-12.21966,21.7312,56,44,12,IND2005
SAC,Sacramento Kings,2005,189.3,55,0.560208333,28.76923077,33.3355,6.37360225,-13.28275385,21.7312,48,50,2,SAC2005
PHI,Philadelphia 76ers,2005,180.6,33,0.518379065,27.57142857,20.0013,5.897702299,-12.72972857,21.7312,35,43,8,PHI2005
SAS,San Antonio Spurs,2005,178.9,57,0.724639228,28.06666667,34.5477,8.244365421,-12.95838,21.7312,52,59,7,SAS2005
WAS,Washington Wizards,2005,172.5,25,0.842906504,25.92307692,15.1525,9.589915878,-11.96868462,21.7312,35,45,10,WAS2005
HOU,Houston Rockets,2005,171.7,45,0.164369919,28.71428571,27.2745,1.870069439,-13.25738571,21.7312,38,51,13,HOU2005
MIA,Miami Heat,2005,170.5,42,0.385843496,26.75,25.4562,4.389818622,-12.350475,21.7312,39,59,20,MIA2005
UTA,Utah Jazz,2005,169.6,42,0.499171748,25.5,25.4562,5.679176811,-11.77335,21.7312,41,26,15,UTA2005
NJN,New Jersey Nets,2005,169.5,47,0.467860772,27.53333333,28.4867,5.322945579,-12.71214,21.7312,43,42,1,NJN2005
MIL,Milwaukee Bucks,2005,165.8,41,0.602962398,26.54545455,24.8501,6.860023799,-12.25603636,21.7312,41,30,11,MIL2005
DEN,Denver Nuggets,2005,165.6,43,0.78585874,26.07142857,26.0623,8.940872055,-12.03717857,21.7312,45,49,4,DEN2005
LAC,Los Angeles Clippers,2005,164.6,28,0.590309959,25.86666667,16.9708,6.71607447,-11.94264,21.7312,33,37,4,LAC2005
MEM,Memphis Grizzlies,2005,164.6,50,0.828465447,25.07142857,30.305,9.425617085,-11.57547857,21.7312,50,45,5,MEM2005
NOH,New Orleans Hornets,2005,154.7,41,0.414751016,29.69230769,24.8501,4.718705262,-13.70893846,21.7312,38,18,20,NOH2005
POR,Portland Trail Blazers,2005,152.7,41,0.491128049,25.8,24.8501,5.587662037,-11.91186,21.7312,40,27,13,POR2005
BOS,Boston Celtics,2005,147.5,36,0.368231707,25.8,21.8196,4.18944578,-11.91186,21.7312,36,45,9,BOS2005
ORL,Orlando Magic,2005,146.4,21,0.062809959,24.61538462,12.7281,0.71460147,-11.36492308,21.7312,24,36,12,ORL2005
DET,Detroit Pistons,2005,142.4,54,0.63960874,27.36363636,32.7294,7.276956555,-12.63379091,21.7312,49,54,5,DET2005
CHI,Chicago Bulls,2005,129.8,23,0.286565041,25.90909091,13.9403,3.26030778,-11.96222727,21.7312,27,47,20,CHI2005
ATL,Atlanta Hawks,2005,110.6,28,0.125447154,25.5,16.9708,1.427237366,-11.77335,21.7312,28,13,15,ATL2005
CLE,Cleveland Cavaliers,2005,110.4,35,0.42379065,24.5,21.2135,4.821550988,-11.31165,21.7312,36,42,6,CLE2005
PHO,Phoenix Suns,2005,107.7,29,0.593003049,22.125,17.5769,6.746714287,-10.2151125,21.7312,36,62,26,PHO2005
NYK,New York Knicks,2005,101.7,39,0.246321138,28.375,23.6379,2.802444854,-13.1007375,21.7312,35,33,2,NYK2005
TOR,Toronto Raptors,2005,98,33,0.324618902,27.11111111,20.0013,3.693254177,-12.5172,21.7312,33,33,0,TOR2005
NYK,New York Knicks,2006,231.4,33,0.349009146,26.38461538,20.0013,3.97074686,-12.18177692,21.7312,34,23,11,NYK2006
IND,Indiana Pacers,2006,226,44,0.75273374,27.10526316,26.6684,8.564002305,-12.5145,21.7312,44,41,3,IND2006
SAS,San Antonio Spurs,2006,202.6,59,0.816671748,28.4,35.7599,9.291437811,-13.11228,21.7312,54,63,9,SAS2006
POR,Portland Trail Blazers,2006,202.1,27,0.489745935,25.86666667,16.3647,5.571937451,-11.94264,21.7312,32,21,11,POR2006
MEM,Memphis Grizzlies,2006,198.8,45,0.582317073,25.66666667,27.2745,6.625137805,-11.8503,21.7312,44,49,5,MEM2006
LAL,Los Angeles Lakers,2006,197.3,34,0.501148374,26.2,20.6074,5.70166528,-12.09654,21.7312,36,45,9,LAL2006
WAS,Washington Wizards,2006,194.6,45,0.68859248,25.5,27.2745,7.83425436,-11.77335,21.7312,45,42,3,WAS2006
MIN,Minnesota Timberwolves,2006,193.8,44,0.495609756,28.85714286,26.6684,5.638651317,-13.32334286,21.7312,41,33,8,MIN2006
UTA,Utah Jazz,2006,193.3,26,0.654441057,25.8125,15.7586,7.445706793,-11.91763125,21.7312,33,41,8,UTA2006
NJN,New Jersey Nets,2006,186.7,42,0.519796748,26.6,25.4562,5.913831561,-12.28122,21.7312,41,49,8,NJN2006
LAC,Los Angeles Clippers,2006,186.6,37,0.53183435,26.1875,22.4257,6.050785762,-12.09076875,21.7312,38,47,9,LAC2006
SEA,Seattle SuperSonics,2006,180.8,52,0.581072154,26,31.5172,6.610974116,-12.0042,21.7312,48,35,13,SEA2006
DEN,Denver Nuggets,2006,176.7,49,0.912210366,27.66666667,29.6989,10.37839977,-12.7737,21.7312,49,44,5,DEN2006
CLE,Cleveland Cavaliers,2006,176.3,42,0.710574187,26.42857143,25.4562,8.08434464,-12.20207143,21.7312,43,50,7,CLE2006
CHI,Chicago Bulls,2006,172.5,47,0.777484756,26.06666667,28.4867,8.845599567,-12.03498,21.7312,47,41,6,CHI2006
ORL,Orlando Magic,2006,172.5,36,0.67796748,27,21.8196,7.71337161,-12.4659,21.7312,39,36,3,ORL2006
MIA,Miami Heat,2006,170.3,59,0.47441565,26.66666667,35.7599,5.397521738,-12.312,21.7312,51,52,1,MIA2006
TOR,Toronto Raptors,2006,169,33,0.44585874,26.25,20.0013,5.072624055,-12.119625,21.7312,35,27,8,TOR2006
PHO,Phoenix Suns,2006,168.8,62,0.49254065,25.54545455,37.5782,5.603733488,-11.79433636,21.7312,53,54,1,PHO2006
ATL,Atlanta Hawks,2006,165.4,13,0.417306911,26.92857143,7.8793,4.747784183,-12.43292143,21.7312,22,26,4,ATL2006
BOS,Boston Celtics,2006,162.5,45,0.433272358,25,27.2745,4.929426268,-11.5425,21.7312,42,33,9,BOS2006
MIL,Milwaukee Bucks,2006,154.1,30,0.520807927,27.91666667,18.183,5.925335945,-12.889125,21.7312,33,40,7,MIL2006
DET,Detroit Pistons,2006,153.9,54,0.893816057,28.07692308,32.7294,10.16912404,-12.96311538,21.7312,52,64,12,DET2006
DAL,Dallas Mavericks,2006,150.1,58,0.698363821,26.66666667,35.1538,7.945424866,-12.312,21.7312,53,60,7,DAL2006
HOU,Houston Rockets,2006,142.6,51,0.461189024,30.25,30.9111,5.247039768,-13.966425,21.7312,44,34,10,HOU2006
PHI,Philadelphia 76ers,2006,135.3,43,0.636636179,25.90909091,26.0623,7.243137134,-11.96222727,21.7312,43,38,5,PHI2006
SAC,Sacramento Kings,2006,134.5,50,0.286143293,26.2,30.305,3.25550947,-12.09654,21.7312,43,44,1,SAC2006
GSW,Golden State Warriors,2006,128,34,0.72449187,25.77777778,20.6074,8.242688902,-11.9016,21.7312,39,34,5,GSW2006
DAL,Dallas Mavericks,2007,212.5,60,0.725721545,27.3125,36.366,8.256679159,-12.61018125,21.7312,54,67,13,DAL2007
SAS,San Antonio Spurs,2007,206.4,63,0.793998984,29.4,38.1843,9.033485238,-13.57398,21.7312,55,58,3,SAS2007
PHO,Phoenix Suns,2007,190.6,54,0.867047764,27.07692308,32.7294,9.864575823,-12.50141538,21.7312,52,61,9,PHO2007
MIA,Miami Heat,2007,189.8,52,0.935889228,27.375,31.5172,10.64779892,-12.6390375,21.7312,51,44,7,MIA2007
GSW,Golden State Warriors,2007,187.7,34,0.495060976,24.6,20.6074,5.632407732,-11.35782,21.7312,37,42,5,GSW2007
UTA,Utah Jazz,2007,186.8,41,0.696539634,25.13333333,24.8501,7.924670726,-11.60406,21.7312,43,51,8,UTA2007
MEM,Memphis Grizzlies,2007,186.7,49,0.433577236,26.92857143,29.6989,4.932894927,-12.43292143,21.7312,44,22,22,MEM2007
LAL,Los Angeles Lakers,2007,183.9,45,0.822911585,24.75,27.2745,9.362429689,-11.427075,21.7312,47,42,5,LAL2007
IND,Indiana Pacers,2007,183.4,41,0.370813008,27.28571429,24.8501,4.218813756,-12.59781429,21.7312,38,35,3,IND2007
WAS,Washington Wizards,2007,179.6,42,0.867784553,26.21428571,25.4562,9.872958415,-12.10313571,21.7312,45,41,4,WAS2007
CHI,Chicago Bulls,2007,178,41,0.729507114,25.625,24.8501,8.299748335,-11.8310625,21.7312,43,49,6,CHI2007
DET,Detroit Pistons,2007,177.9,64,0.742647358,27.53846154,38.7904,8.449247518,-12.71450769,21.7312,56,53,3,DET2007
MIL,Milwaukee Bucks,2007,177.1,40,0.46609248,27.28571429,24.244,5.30282736,-12.59781429,21.7312,39,28,11,MIL2007
CLE,Cleveland Cavaliers,2007,173.7,50,0.891112805,26.69230769,30.305,10.1383686,-12.32383846,21.7312,50,50,0,CLE2007
ATL,Atlanta Hawks,2007,171.6,26,0.838114837,23.07692308,15.7586,9.535400128,-10.65461538,21.7312,36,30,6,ATL2007
PHI,Philadelphia 76ers,2007,171.1,38,0.537372967,25.64285714,23.0318,6.113799726,-11.83930714,21.7312,39,35,4,PHI2007
NOK,New Orleans/Oklahoma City Hornets,2007,169.4,38,0.486305894,25.23076923,23.0318,5.532799421,-11.64904615,21.7312,39,39,0,NOK2007
LAC,Los Angeles Clippers,2007,168.9,47,0.869984756,27.26666667,28.4867,9.897990567,-12.58902,21.7312,48,40,8,LAC2007
ORL,Orlando Magic,2007,165.3,36,0.656514228,27.30769231,21.8196,7.469293671,-12.60796154,21.7312,38,40,2,ORL2007
NYK,New York Knicks,2007,164.9,23,0.70226626,25.85714286,13.9403,7.989823695,-11.93824286,21.7312,32,33,1,NYK2007
SAC,Sacramento Kings,2007,159.4,44,0.714989837,26.45454545,26.6684,8.134582378,-12.21406364,21.7312,44,33,11,SAC2007
HOU,Houston Rockets,2007,158.9,34,0.63867378,28.83333333,20.6074,7.266319335,-13.31235,21.7312,36,52,16,HOU2007
POR,Portland Trail Blazers,2007,154.2,21,0.394085366,23.58333333,12.7281,4.483588024,-10.888425,21.7312,28,32,4,POR2007
BOS,Boston Celtics,2007,152,33,0.587718496,23.91666667,20.0013,6.686590872,-11.042325,21.7312,37,24,13,BOS2007
TOR,Toronto Raptors,2007,149.9,27,0.50245935,26.61538462,16.3647,5.716580512,-12.28832308,21.7312,32,47,15,TOR2007
NJN,New Jersey Nets,2007,142.3,49,0.789786585,28,29.6989,8.985559939,-12.9276,21.7312,47,41,6,NJN2007
SEA,Seattle SuperSonics,2007,133.5,35,0.663180894,25.63636364,21.2135,7.545141671,-11.83630909,21.7312,39,31,8,SEA2007
MIN,Minnesota Timberwolves,2007,123.4,33,0.604344512,26.1,20.0013,6.875748384,-12.05037,21.7312,37,32,5,MIN2007
DEN,Denver Nuggets,2007,114.2,44,0.469456301,27,26.6684,5.341098226,-12.4659,21.7312,41,45,4,DEN2007
TOR,Toronto Raptors,2008,207.5,47,0.832652439,25.64285714,28.4867,9.473253329,-11.83930714,21.7312,48,41,7,TOR2008
MEM,Memphis Grizzlies,2008,207.1,22,0.429105691,25.57142857,13.3342,4.882021268,-11.80632857,21.7312,28,22,6,MEM2008
SAS,San Antonio Spurs,2008,203.3,58,0.869227642,29.21428571,35.1538,9.889376732,-13.48823571,21.7312,53,56,3,SAS2008
DET,Detroit Pistons,2008,202.1,53,0.724603659,28,32.1233,8.243960744,-12.9276,21.7312,49,59,10,DET2008
ATL,Atlanta Hawks,2008,200.4,30,0.657347561,24.35294118,18.183,7.478774671,-11.24375294,21.7312,36,37,1,ATL2008
ORL,Orlando Magic,2008,199,40,0.646382114,26,24.244,7.354018585,-12.0042,21.7312,41,52,11,ORL2008
BOS,Boston Celtics,2008,198.2,24,0.391168699,24.75,14.5464,4.450404524,-11.427075,21.7312,29,66,37,BOS2008
MIA,Miami Heat,2008,197.4,44,0.495746951,27.93333333,26.6684,5.640212213,-12.89682,21.7312,41,15,26,MIA2008
WAS,Washington Wizards,2008,196,41,0.806534553,26.25,24.8501,9.176104915,-12.119625,21.7312,44,43,1,WAS2008
LAL,Los Angeles Lakers,2008,191.8,42,0.671316057,25.71428571,25.4562,7.637697043,-11.87228571,21.7312,43,57,14,LAL2008
DAL,Dallas Mavericks,2008,190.8,67,0.667123984,28.06666667,40.6087,7.590002988,-12.95838,21.7312,57,51,6,DAL2008
PHO,Phoenix Suns,2008,184.9,61,0.674065041,29.14285714,36.9721,7.66897278,-13.45525714,21.7312,53,55,2,PHO2008
NYK,New York Knicks,2008,182.6,33,0.852652439,25.8,20.0013,9.700797329,-11.91186,21.7312,40,23,17,NYK2008
SEA,Seattle SuperSonics,2008,182.3,31,0.719054878,25.875,18.7891,8.180831159,-11.9464875,21.7312,37,20,17,SEA2008
CHI,Chicago Bulls,2008,178.7,49,0.710909553,26,29.6989,8.088160165,-12.0042,21.7312,48,33,15,CHI2008
CLE,Cleveland Cavaliers,2008,178.1,50,0.655528455,27.46666667,30.305,7.458078341,-12.68136,21.7312,47,45,2,CLE2008
HOU,Houston Rockets,2008,175.4,52,0.792566057,27.30769231,31.5172,9.017182543,-12.60796154,21.7312,50,55,5,HOU2008
POR,Portland Trail Blazers,2008,172.9,32,0.573069106,24.5,19.3952,6.519921829,-11.31165,21.7312,36,41,5,POR2008
UTA,Utah Jazz,2008,163.2,51,0.794126016,25.07142857,30.9111,9.034930512,-11.57547857,21.7312,50,54,4,UTA2008
MIN,Minnesota Timberwolves,2008,162.8,32,0.304400407,26.71428571,19.3952,3.463224305,-12.33398571,21.7312,32,22,10,MIN2008
PHI,Philadelphia 76ers,2008,156.2,35,0.527977642,25.07692308,21.2135,6.006907232,-11.57801538,21.7312,37,40,3,PHI2008
GSW,Golden State Warriors,2008,154.7,42,0.598724593,24,25.4562,6.811809445,-11.0808,21.7312,43,48,5,GSW2008
SAC,Sacramento Kings,2008,149.5,33,0.740025407,27.14285714,20.0013,8.419417055,-12.53185714,21.7312,38,38,0,SAC2008
MIL,Milwaukee Bucks,2008,146.5,28,0.58120935,24.71428571,16.9708,6.612535012,-11.41058571,21.7312,34,26,8,MIL2008
DEN,Denver Nuggets,2008,144.1,45,0.632743902,25.83333333,27.2745,7.198853927,-11.92725,21.7312,44,50,6,DEN2008
LAC,Los Angeles Clippers,2008,141.8,40,0.746285569,27.125,24.244,8.490640177,-12.5236125,21.7312,42,23,19,LAC2008
IND,Indiana Pacers,2008,131.2,35,0.547662602,26.90909091,21.2135,6.230866951,-12.42392727,21.7312,37,36,1,IND2008
NJN,New Jersey Nets,2008,123.7,41,0.480050813,26.71428571,24.8501,5.46163411,-12.33398571,21.7312,40,34,6,NJN2008
SAS,San Antonio Spurs,2009,219.5,56,0.856732724,29.6,33.9416,9.747219543,-13.66632,21.7312,52,54,2,SAS2009
GSW,Golden State Warriors,2009,217.4,48,0.544588415,25.4375,29.0928,6.195891311,-11.74449375,21.7312,45,29,16,GSW2009
HOU,Houston Rockets,2009,212.6,55,0.656824187,27.57142857,33.3355,7.47282014,-12.72972857,21.7312,50,53,3,HOU2009
NYK,New York Knicks,2009,209.4,23,0.489364837,25.93333333,13.9403,5.567601628,-11.97342,21.7312,29,32,3,NYK2009
TOR,Toronto Raptors,2009,204.9,41,0.619507114,27.21428571,24.8501,7.048256335,-12.56483571,21.7312,41,33,8,TOR2009
IND,Indiana Pacers,2009,198.3,36,0.653109756,26.13333333,21.8196,7.430560317,-12.06576,21.7312,39,36,3,IND2009
LAC,Los Angeles Clippers,2009,191.5,23,0.362611789,27.9375,13.9403,4.125506841,-12.89874375,21.7312,27,19,8,LAC2009
BOS,Boston Celtics,2009,190.4,66,0.876128049,27.78571429,40.0026,9.967884037,-12.82866429,21.7312,59,62,3,BOS2009
MIA,Miami Heat,2009,185.8,15,0.491686992,27.125,9.0915,5.594021244,-12.5236125,21.7312,24,43,19,MIA2009
MIL,Milwaukee Bucks,2009,181,26,0.501270325,26.5,15.7586,5.703052744,-12.23505,21.7312,31,34,3,MIL2009
DET,Detroit Pistons,2009,180.7,59,0.728780488,27.16666667,35.7599,8.291481366,-12.54285,21.7312,53,39,14,DET2009
ORL,Orlando Magic,2009,175.7,52,0.582876016,27.15384615,31.5172,6.631497012,-12.53693077,21.7312,47,59,12,ORL2009
NOH,New Orleans Hornets,2009,173,56,0.848424797,26.61538462,33.9416,9.652698598,-12.28832308,21.7312,53,49,4,NOH2009
WAS,Washington Wizards,2009,172.7,43,0.812322154,26.08333333,26.0623,9.241951616,-12.042675,21.7312,45,19,26,WAS2009
PHI,Philadelphia 76ers,2009,172.6,40,0.825436992,25.61538462,24.244,9.391161744,-11.82662308,21.7312,44,41,3,PHI2009
LAL,Los Angeles Lakers,2009,171.4,57,0.728841463,25.90909091,34.5477,8.292175098,-11.96222727,21.7312,53,65,12,LAL2009
POR,Portland Trail Blazers,2009,171,41,0.811417683,24.25,24.8501,9.231661262,-11.196225,21.7312,45,54,9,POR2009
DEN,Denver Nuggets,2009,170.6,50,0.533318089,28.07692308,30.305,6.067666567,-12.96311538,21.7312,45,54,9,DEN2009
UTA,Utah Jazz,2009,170.3,54,0.901890244,24.84615385,32.7294,10.26098568,-11.47146923,21.7312,53,48,5,UTA2009
PHO,Phoenix Suns,2009,156.5,55,0.515365854,29,33.3355,5.86342039,-13.3893,21.7312,48,46,2,PHO2009
SAC,Sacramento Kings,2009,150.5,38,0.386102642,26.57142857,23.0318,4.392766982,-12.26802857,21.7312,37,17,20,SAC2009
MIN,Minnesota Timberwolves,2009,147.4,22,0.612154472,26,13.3342,6.964603854,-12.0042,21.7312,30,24,6,MIN2009
CHI,Chicago Bulls,2009,140.7,33,0.521864837,23.81818182,20.0013,5.937360628,-10.99685455,21.7312,37,41,4,CHI2009
DAL,Dallas Mavericks,2009,135.6,51,0.717469512,29.6,30.9111,8.162794134,-13.66632,21.7312,47,50,3,DAL2009
MEM,Memphis Grizzlies,2009,135.1,22,0.39640752,24.36363636,13.3342,4.51000764,-11.24869091,21.7312,28,24,4,MEM2009
ATL,Atlanta Hawks,2009,128.5,37,0.698658537,23.1,22.4257,7.948777902,-10.66527,21.7312,41,47,6,ATL2009
CLE,Cleveland Cavaliers,2009,121.1,45,0.483775407,27.09090909,27.2745,5.504009555,-12.50787273,21.7312,42,66,24,CLE2009
NJN,New Jersey Nets,2009,105.5,34,0.305127033,26.75,20.6074,3.471491274,-12.350475,21.7312,33,34,1,NJN2009
SAS,San Antonio Spurs,2010,253.6,54,0.610137195,28.76470588,32.7294,6.941652896,-13.28066471,21.7312,48,50,2,SAS2010
OKC,Oklahoma City Thunder,2010,233,23,0.64476626,24.5,13.9403,7.335634695,-11.31165,21.7312,32,50,18,OKC2010
GSW,Golden State Warriors,2010,206.4,29,0.657566057,23.8,17.5769,7.481260543,-10.98846,21.7312,36,26,10,GSW2010
UTA,Utah Jazz,2010,202.8,48,0.771448171,25.66666667,29.0928,8.776920128,-11.8503,21.7312,48,53,5,UTA2010
BOS,Boston Celtics,2010,200.7,62,0.792698171,26.71428571,37.5782,9.018685628,-12.33398571,21.7312,56,50,6,BOS2010
IND,Indiana Pacers,2010,195.7,36,0.639009146,26.71428571,21.8196,7.27013486,-12.33398571,21.7312,38,32,6,IND2010
POR,Portland Trail Blazers,2010,186.5,54,0.674918699,24.14285714,32.7294,7.678685024,-11.14675714,21.7312,51,50,1,POR2010
HOU,Houston Rockets,2010,186.1,53,0.37488313,28.53846154,32.1233,4.265120348,-13.17620769,21.7312,45,42,3,HOU2010
WAS,Washington Wizards,2010,183.8,19,0.241046748,26.53846154,11.5159,2.742437061,-12.25280769,21.7312,24,26,2,WAS2010
MIL,Milwaukee Bucks,2010,182.3,34,0.467311992,27.21428571,20.6074,5.316701994,-12.56483571,21.7312,35,46,11,MIL2010
PHI,Philadelphia 76ers,2010,179.8,41,0.702184959,27.38461538,24.8501,7.98889872,-12.64347692,21.7312,42,27,15,PHI2010
ATL,Atlanta Hawks,2010,178.3,47,0.832520325,25.13333333,28.4867,9.471750244,-11.60406,21.7312,48,53,5,ATL2010
CLE,Cleveland Cavaliers,2010,178.1,66,0.743643293,26.33333333,40.0026,8.46057847,-12.1581,21.7312,58,61,3,CLE2010
DAL,Dallas Mavericks,2010,176.1,50,0.603394309,28.07692308,30.305,6.864937732,-12.96311538,21.7312,46,55,9,DAL2010
NJN,New Jersey Nets,2010,171.1,34,0.766636179,25.28571429,20.6074,8.722173134,-11.67441429,21.7312,39,12,27,NJN2010
LAL,Los Angeles Lakers,2010,169.8,65,0.848328252,26.53846154,39.3965,9.651600189,-12.25280769,21.7312,59,57,2,LAL2010
NOH,New Orleans Hornets,2010,166.7,49,0.626732724,28.53846154,29.6989,7.130463543,-13.17620769,21.7312,45,37,8,NOH2010
LAC,Los Angeles Clippers,2010,161.9,19,0.477860772,26.84615385,11.5159,5.436717579,-12.39486923,21.7312,26,29,3,LAC2010
DET,Detroit Pistons,2010,161.5,39,0.562489837,26.66666667,23.6379,6.399559378,-12.312,21.7312,39,27,12,DET2010
MEM,Memphis Grizzlies,2010,158.8,24,0.644095528,24.66666667,14.5464,7.328003646,-11.3886,21.7312,32,40,8,MEM2010
PHO,Phoenix Suns,2010,157,46,0.557296748,27.8,27.8806,6.340476561,-12.83526,21.7312,43,54,11,PHO2010
MIN,Minnesota Timberwolves,2010,153.6,24,0.392093496,26.69230769,14.5464,4.460926122,-12.32383846,21.7312,28,15,13,MIN2010
ORL,Orlando Magic,2010,151.8,59,0.594832317,26.72727273,35.7599,6.767526238,-12.33998182,21.7312,52,59,7,ORL2010
MIA,Miami Heat,2010,144.3,43,0.781575203,25.75,26.0623,8.892137402,-11.888775,21.7312,45,47,2,MIA2010
DEN,Denver Nuggets,2010,132.2,54,0.669247967,26.5,32.7294,7.614167976,-12.23505,21.7312,50,53,3,DEN2010
NYK,New York Knicks,2010,123.5,32,0.452057927,25.2,19.3952,5.143153445,-11.63484,21.7312,35,29,6,NYK2010
CHI,Chicago Bulls,2010,113.4,41,0.416986789,25.375,24.8501,4.744142091,-11.7156375,21.7312,40,41,1,CHI2010
TOR,Toronto Raptors,2010,107.7,33,0.391646341,25.81818182,20.0013,4.455838756,-11.92025455,21.7312,34,40,6,TOR2010
SAC,Sacramento Kings,2010,98.9,17,0.487550813,25.75,10.3037,5.54696311,-11.888775,21.7312,26,25,1,SAC2010
OKC,Oklahoma City Thunder,2011,210.3,50,0.664283537,25.4375,30.305,7.557686652,-11.74449375,21.7312,48,55,7,OKC2011
TOR,Toronto Raptors,2011,202.5,40,0.490416667,25.64285714,24.244,5.5795685,-11.83930714,21.7312,40,22,18,TOR2011
SAS,San Antonio Spurs,2011,202.2,50,0.782210366,27.69230769,30.305,8.899363774,-12.78553846,21.7312,48,61,13,SAS2011
MEM,Memphis Grizzlies,2011,198.2,40,0.833470528,24.42857143,24.244,9.482560896,-11.27867143,21.7312,44,46,2,MEM2011
POR,Portland Trail Blazers,2011,197.4,50,0.520223577,24.92307692,30.305,5.918687683,-11.50698462,21.7312,46,48,2,POR2011
GSW,Golden State Warriors,2011,196.3,26,0.360279472,25.69230769,15.7586,4.098971604,-11.86213846,21.7312,30,36,6,GSW2011
UTA,Utah Jazz,2011,188,53,0.448064024,24.92307692,32.1233,5.097714018,-11.50698462,21.7312,47,39,8,UTA2011
CLE,Cleveland Cavaliers,2011,186.3,61,0.404502033,27.46153846,36.9721,4.602100524,-12.67899231,21.7312,51,19,32,CLE2011
IND,Indiana Pacers,2011,186.2,32,0.721463415,26.42857143,19.3952,8.208233561,-12.20207143,21.7312,37,37,0,IND2011
ORL,Orlando Magic,2011,184.9,59,0.41015752,27.83333333,35.7599,4.66644414,-12.85065,21.7312,49,52,3,ORL2011
ATL,Atlanta Hawks,2011,184.6,53,0.785071138,26.57142857,32.1233,8.931911354,-12.26802857,21.7312,51,44,7,ATL2011
PHO,Phoenix Suns,2011,183,54,0.520868902,27,32.7294,5.926029677,-12.4659,21.7312,48,40,8,PHO2011
DET,Detroit Pistons,2011,182.5,27,0.825660569,26.85714286,16.3647,9.393705427,-12.39994286,21.7312,35,30,5,DET2011
DEN,Denver Nuggets,2011,176.9,53,0.612820122,27.61538462,32.1233,6.972177091,-12.75002308,21.7312,48,50,2,DEN2011
LAL,Los Angeles Lakers,2011,173.8,57,0.843465447,27.61538462,34.5477,9.596275085,-12.75002308,21.7312,53,57,4,LAL2011
BOS,Boston Celtics,2011,165.8,50,0.616377033,28.75,30.305,7.012644774,-13.273875,21.7312,46,56,10,BOS2011
WAS,Washington Wizards,2011,164.7,26,0.236112805,27.27272727,15.7586,2.686302604,-12.59181818,21.7312,28,23,5,WAS2011
SAC,Sacramento Kings,2011,159.3,25,0.591875,25.69230769,15.1525,6.73388025,-11.86213846,21.7312,32,24,8,SAC2011
MIA,Miami Heat,2011,159.2,47,0.455574187,27,28.4867,5.18315864,-12.4659,21.7312,43,58,15,MIA2011
MIN,Minnesota Timberwolves,2011,157.2,15,0.276427846,24.69230769,9.0915,3.144974884,-11.40043846,21.7312,23,17,6,MIN2011
MIL,Milwaukee Bucks,2011,157,46,0.58117378,27.75,27.8806,6.612130335,-12.812175,21.7312,43,35,8,MIL2011
PHI,Philadelphia 76ers,2011,156.9,27,0.675848577,24.81818182,16.3647,7.689264433,-11.45855455,21.7312,34,41,7,PHI2011
NJN,New Jersey Nets,2011,156.3,12,0.15375,25.78571429,7.2732,1.7492445,-11.90526429,21.7312,19,24,5,NJN2011
NOH,New Orleans Hornets,2011,155.8,37,0.357123984,28,22.4257,4.063070988,-12.9276,21.7312,35,46,11,NOH2011
DAL,Dallas Mavericks,2011,138.8,55,0.665035569,30.11111111,33.3355,7.566242677,-13.9023,21.7312,49,57,8,DAL2011
HOU,Houston Rockets,2011,122.4,42,0.385376016,26.09090909,25.4562,4.384500012,-12.04617273,21.7312,40,43,3,HOU2011
LAC,Los Angeles Clippers,2011,121.1,29,0.365995935,26.83333333,17.5769,4.164008951,-12.38895,21.7312,31,32,1,LAC2011
CHI,Chicago Bulls,2011,117.3,41,0.490630081,26.72727273,24.8501,5.581996561,-12.33998182,21.7312,40,62,22,CHI2011
NYK,New York Knicks,2011,116.7,29,0.055203252,25.77777778,17.5769,0.628058439,-11.9016,21.7312,28,42,14,NYK2011
SAS,San Antonio Spurs,2013,248.1,50,0.658343496,26.29411765,30.305,7.490105622,-12.13999412,21.7312,47,58,11,SAS2013
NOH,New Orleans Hornets,2013,240.1,21,0.296204268,25.42105263,12.7281,3.369975201,-11.7369,21.7312,26,27,1,NOH2013
NYK,New York Knicks,2013,217.3,36,0.465813008,26.88235294,21.8196,5.299647756,-12.41158235,21.7312,36,54,18,NYK2013
CHI,Chicago Bulls,2013,215.1,50,0.424776423,28,30.305,4.832766317,-12.9276,21.7312,44,45,1,CHI2013
DEN,Denver Nuggets,2013,214.9,38,0.494502033,25.71428571,23.0318,5.626048524,-11.87228571,21.7312,39,57,18,DEN2013
IND,Indiana Pacers,2013,210.8,42,0.566554878,26.42857143,25.4562,6.445808159,-12.20207143,21.7312,41,49,8,IND2013
OKC,Oklahoma City Thunder,2013,201.4,47,0.56574187,25.4,28.4867,6.436558402,-11.72718,21.7312,45,60,15,OKC2013
ATL,Atlanta Hawks,2013,201.1,40,0.377977642,29.66666667,24.244,4.300327232,-13.6971,21.7312,37,44,7,ATL2013
MIN,Minnesota Timberwolves,2013,198.1,26,0.470320122,24.86666667,15.7586,5.350926091,-11.48094,21.7312,31,31,0,MIN2013
GSW,Golden State Warriors,2013,194.1,23,0.351519309,25.66666667,13.9403,3.999305482,-11.8503,21.7312,28,47,19,GSW2013
LAC,Los Angeles Clippers,2013,190.4,40,0.473145325,27.35714286,24.244,5.383068994,-12.63079286,21.7312,39,56,17,LAC2013
DAL,Dallas Mavericks,2013,189,36,0.393704268,29.73333333,21.8196,4.479252201,-13.72788,21.7312,34,41,7,DAL2013
UTA,Utah Jazz,2013,185.6,36,0.565696138,26.21428571,21.8196,6.436038104,-12.10313571,21.7312,38,43,5,UTA2013
MIL,Milwaukee Bucks,2013,185,31,0.434695122,25.35714286,18.7891,4.945613341,-11.70739286,21.7312,34,38,4,MIL2013
PHO,Phoenix Suns,2013,184.7,33,0.343511179,28.53846154,20.0013,3.908195384,-13.17620769,21.7312,32,25,7,PHO2013
TOR,Toronto Raptors,2013,184.1,23,0.362042683,26.93333333,13.9403,4.119032012,-12.43512,21.7312,27,34,7,TOR2013
BOS,Boston Celtics,2013,183.5,39,0.488678862,28.53333333,23.6379,5.559797146,-13.17384,21.7312,38,41,3,BOS2013
DET,Detroit Pistons,2013,179.8,25,0.48191565,27.07142857,15.1525,5.482850738,-12.49887857,21.7312,30,29,1,DET2013
PHI,Philadelphia 76ers,2013,178.4,35,0.366626016,26.13333333,21.2135,4.171177512,-12.06576,21.7312,35,34,1,PHI2013
SAC,Sacramento Kings,2013,176.9,22,0.671656504,24.53846154,13.3342,7.641570378,-11.32940769,21.7312,31,28,3,SAC2013
HOU,Houston Rockets,2013,175.5,34,0.095050813,25.84615385,20.6074,1.08141211,-11.93316923,21.7312,31,45,14,HOU2013
MIA,Miami Heat,2013,173.1,46,0.766946138,28.64285714,27.8806,8.725699604,-13.22440714,21.7312,45,66,21,MIA2013
WAS,Washington Wizards,2013,171.4,20,0.392474593,25.5,12.122,4.465261945,-11.77335,21.7312,27,29,2,WAS2013
MEM,Memphis Grizzlies,2013,170.3,41,0.409212398,26.53333333,24.8501,4.655691299,-12.25044,21.7312,39,56,17,MEM2013
ORL,Orlando Magic,2013,168.4,37,0.243155488,26.86666667,22.4257,2.766428616,-12.40434,21.7312,35,20,15,ORL2013
CLE,Cleveland Cavaliers,2013,164.2,21,0.440635163,25,12.7281,5.013194372,-11.5425,21.7312,28,24,4,CLE2013
POR,Portland Trail Blazers,2013,150.2,28,0.360675813,27.09090909,16.9708,4.10348086,-12.50787273,21.7312,30,33,3,POR2013
LAL,Los Angeles Lakers,2013,146.5,41,0.437276423,27.75,24.8501,4.974981317,-12.812175,21.7312,39,45,6,LAL2013
DEN,Denver Nuggets,2014,229.1,57,0.427652439,24.73333333,34.5477,4.865487329,-11.41938,21.7312,50,36,14,DEN2014
DAL,Dallas Mavericks,2014,221.7,41,0.442860772,28.05,24.8501,5.038515579,-12.950685,21.7312,39,49,10,DAL2014
NYK,New York Knicks,2014,221.5,54,0.660853659,31.58823529,32.7294,7.518664244,-14.58428824,21.7312,47,37,10,NYK2014
SAS,San Antonio Spurs,2014,220.9,58,0.785426829,27.86666667,35.1538,8.935958122,-12.86604,21.7312,53,62,9,SAS2014
MIN,Minnesota Timberwolves,2014,214.7,31,0.525177846,26.55555556,18.7891,5.975053384,-12.2607,21.7312,34,40,6,MIN2014
MIA,Miami Heat,2014,211,66,0.928572154,30.86666667,40.0026,10.56455112,-14.25114,21.7312,58,54,4,MIA2014
LAC,Los Angeles Clippers,2014,195.7,56,0.664827236,29.71428571,33.9416,7.563872427,-13.71908571,21.7312,50,57,7,LAC2014
BRK,Brooklyn Nets,2014,195.6,49,0.508526423,27.75,29.6989,5.785606817,-12.812175,21.7312,44,44,0,BRK2014
OKC,Oklahoma City Thunder,2014,190.4,60,0.834740854,24.76923077,36.366,9.49701364,-11.43595385,21.7312,56,59,3,OKC2014
UTA,Utah Jazz,2014,190.3,43,0.471122967,26,26.0623,5.360060226,-12.0042,21.7312,41,25,16,UTA2014
ATL,Atlanta Hawks,2014,184.3,44,0.51015752,26.84615385,26.6684,5.80416414,-12.39486923,21.7312,42,38,4,ATL2014
IND,Indiana Pacers,2014,182.8,49,0.706072154,25.73333333,29.6989,8.033124116,-11.88108,21.7312,48,56,8,IND2014
BOS,Boston Celtics,2014,176.9,41,0.418424797,27.6875,24.8501,4.760502598,-12.78331875,21.7312,39,25,14,BOS2014
DET,Detroit Pistons,2014,175.3,29,0.589674797,25.15384615,17.5769,6.708848098,-11.61353077,21.7312,34,29,5,DET2014
PHI,Philadelphia 76ers,2014,170.1,34,0.161082317,26.30769231,20.6074,1.832665738,-12.14626154,21.7312,32,19,13,PHI2014
LAL,Los Angeles Lakers,2014,169.6,45,0.437662602,28.25,27.2745,4.979374951,-13.043025,21.7312,41,27,14,LAL2014
GSW,Golden State Warriors,2014,169,47,0.646626016,25.69230769,28.4867,7.356793512,-11.86213846,21.7312,46,51,5,GSW2014
WAS,Washington Wizards,2014,165.6,29,0.679329268,25.15384615,17.5769,7.728864951,-11.61353077,21.7312,35,44,9,WAS2014
PHO,Phoenix Suns,2014,162,25,0.321549797,26.38461538,15.1525,3.658336348,-12.18177692,21.7312,28,48,20,PHO2014
TOR,Toronto Raptors,2014,161.5,34,0.564623984,25.69230769,20.6074,6.423839988,-11.86213846,21.7312,37,48,11,TOR2014
MIL,Milwaukee Bucks,2014,161,38,0.309613821,27.58333333,23.0318,3.522538366,-12.735225,21.7312,36,15,21,MIL2014
CLE,Cleveland Cavaliers,2014,160.2,24,0.671265244,24.84615385,14.5464,7.637118933,-11.47146923,21.7312,32,33,1,CLE2014
POR,Portland Trail Blazers,2014,155.7,33,0.739715447,25,20.0013,8.415890585,-11.5425,21.7312,39,54,15,POR2014
CHI,Chicago Bulls,2014,152.2,45,0.559837398,28.41666667,27.2745,6.369382049,-13.119975,21.7312,42,48,6,CHI2014
SAC,Sacramento Kings,2014,147.3,28,0.363058943,25.36363636,16.9708,4.130594207,-11.71039091,21.7312,31,28,3,SAC2014
HOU,Houston Rockets,2014,142.1,45,0.685228659,23.81818182,27.2745,7.795983494,-10.99685455,21.7312,46,54,8,HOU2014
MEM,Memphis Grizzlies,2014,136.5,56,0.585416667,25.54545455,33.9416,6.6604025,-11.79433636,21.7312,51,50,1,MEM2014
ORL,Orlando Magic,2014,136.4,20,0.629273374,25.45454545,12.122,7.15936903,-11.75236364,21.7312,29,23,6,ORL2014
MIA,Miami Heat,2015,336.2,54,0.475635163,30.6,32.7294,5.411396372,-14.12802,21.7312,46,37,9,MIA2015
NOP,New Orleans Pelicans,2015,229.1,34,0.569776423,25.38888889,20.6074,6.482460317,-11.72205,21.7312,37,45,8,NOP2015
DAL,Dallas Mavericks,2015,216.4,49,0.336626016,28.2,29.6989,3.829861512,-13.01994,21.7312,42,50,8,DAL2015
LAL,Los Angeles Lakers,2015,212.8,27,0.459273374,27.25,16.3647,5.22524503,-12.581325,21.7312,31,21,10,LAL2015
HOU,Houston Rockets,2015,210.1,54,0.560599593,25.13333333,32.7294,6.378053695,-11.60406,21.7312,49,56,7,HOU2015
MIL,Milwaukee Bucks,2015,209.8,15,0.55613313,24.14285714,9.0915,6.327237848,-11.14675714,21.7312,26,41,15,MIL2015
SAS,San Antonio Spurs,2015,208.6,62,0.97273374,28.42857143,37.5782,11.0669863,-13.12547143,21.7312,57,55,2,SAS2015
LAC,Los Angeles Clippers,2015,204.7,57,0.665934959,29.125,34.5477,7.57647522,-13.4470125,21.7312,50,56,6,LAC2015
NYK,New York Knicks,2015,203.4,37,0.327134146,28.2,22.4257,3.72187061,-13.01994,21.7312,35,17,18,NYK2015
BRK,Brooklyn Nets,2015,202.7,44,0.531829268,29.8,26.6684,6.050727951,-13.75866,21.7312,41,38,3,BRK2015
ATL,Atlanta Hawks,2015,202,38,0.866712398,26.4,23.0318,9.860760299,-12.18888,21.7312,42,60,18,ATL2015
PHO,Phoenix Suns,2015,201.9,48,0.563292683,25.86666667,29.0928,6.408693512,-11.94264,21.7312,45,39,6,PHO2015
MIN,Minnesota Timberwolves,2015,198.9,40,0.487611789,26.07142857,24.244,5.547656841,-12.03717857,21.7312,39,16,23,MIN2015
DET,Detroit Pistons,2015,196.6,29,0.488714431,25.6,17.5769,5.560201823,-11.81952,21.7312,33,32,1,DET2015
POR,Portland Trail Blazers,2015,189.2,54,0.843236789,25.4,32.7294,9.593673591,-11.72718,21.7312,52,51,1,POR2015
MEM,Memphis Grizzlies,2015,188.6,50,0.587362805,27.23076923,30.305,6.682544104,-12.57244615,21.7312,46,55,9,MEM2015
WAS,Washington Wizards,2015,180.1,44,0.7075,26.21428571,26.6684,8.049369,-12.10313571,21.7312,44,46,2,WAS2015
UTA,Utah Jazz,2015,179.3,25,0.56402439,25.875,15.1525,6.417018293,-11.9464875,21.7312,31,38,7,UTA2015
OKC,Oklahoma City Thunder,2015,165.7,59,0.632433943,26.88235294,35.7599,7.195327457,-12.41158235,21.7312,52,45,7,OKC2015
DEN,Denver Nuggets,2015,163.7,36,0.601087398,25.33333333,21.8196,6.838691549,-11.6964,21.7312,39,30,9,DEN2015
IND,Indiana Pacers,2015,161.7,56,0.758785569,27.75,33.9416,8.632855177,-12.812175,21.7312,51,38,13,IND2015
CHA,Charlotte Hornets,2015,161.6,56,0,25.84615385,33.9416,0,-11.93316923,21.7312,44,33,11,CHA2015
BOS,Boston Celtics,2015,160.6,25,0.513582317,25.28571429,15.1525,5.843128738,-11.67441429,21.7312,31,40,9,BOS2015
GSW,Golden State Warriors,2015,159.9,51,0.858252033,26.33333333,30.9111,9.764505024,-12.1581,21.7312,50,67,17,GSW2015
ORL,Orlando Magic,2015,157.1,23,0.53140752,25.07692308,13.9403,6.04592964,-11.57801538,21.7312,30,25,5,ORL2015
CLE,Cleveland Cavaliers,2015,143.2,33,0.414903455,24.14285714,20.0013,4.720439591,-11.14675714,21.7312,35,53,18,CLE2015
TOR,Toronto Raptors,2015,129.7,48,0.703368902,25.2,29.0928,8.002368677,-11.63484,21.7312,47,49,2,TOR2015
CHI,Chicago Bulls,2015,116.8,48,0.740513211,29.27272727,29.0928,8.424966909,-13.51521818,21.7312,46,50,4,CHI2015
PHI,Philadelphia 76ers,2015,97,19,0.178058943,23,11.5159,2.025812207,-10.6191,21.7312,25,18,7,PHI2015
SAC,Sacramento Kings,2015,91.3,28,0.387525407,24.88888889,16.9708,4.408954055,-11.4912,21.7312,32,29,3,SAC2015
SAC,Sacramento Kings,2016,268.2,29,0.511895325,25.5,17.5769,5.823935494,-11.77335,21.7312,33,33,0,SAC2016
GSW,Golden State Warriors,2016,231.9,67,0.919979675,26.73333333,40.6087,10.46679276,-12.34278,21.7312,60,73,13,GSW2016
SAS,San Antonio Spurs,2016,224.8,55,0.720894309,28.93333333,33.3355,8.201758732,-13.35852,21.7312,50,67,17,SAS2016
ATL,Atlanta Hawks,2016,213,60,0.75175813,27.35714286,36.366,8.552902598,-12.63079286,21.7312,54,48,6,ATL2016
IND,Indiana Pacers,2016,212.2,38,0.496895325,27.8,23.0318,5.653277494,-12.83526,21.7312,38,45,7,IND2016
LAC,Los Angeles Clippers,2016,211.8,56,0.62226626,28.58823529,33.9416,7.079647695,-13.19918824,21.7312,50,53,3,LAC2016
MEM,Memphis Grizzlies,2016,211.4,55,0.51886687,27.92857143,33.3355,5.903252152,-12.89462143,21.7312,48,42,6,MEM2016
MIN,Minnesota Timberwolves,2016,209.7,16,0.479420732,25.25,9.6976,5.454465549,-11.657925,21.7312,25,29,4,MIN2016
LAL,Los Angeles Lakers,2016,194.8,21,0.30796748,26.05882353,12.7281,3.50380761,-12.03135882,21.7312,26,17,9,LAL2016
TOR,Toronto Raptors,2016,194.6,49,0.62370935,25.93333333,29.6989,7.096066012,-11.97342,21.7312,47,56,9,TOR2016
MIA,Miami Heat,2016,190.9,37,0.456310976,27.9375,22.4257,5.191541232,-12.89874375,21.7312,36,48,12,MIA2016
NOP,New Orleans Pelicans,2016,190.1,45,0.80035061,26,27.2745,9.105748957,-12.0042,21.7312,46,30,16,NOP2016
UTA,Utah Jazz,2016,188.5,38,0.785914634,23.8,23.0318,8.941507976,-10.98846,21.7312,43,40,3,UTA2016
POR,Portland Trail Blazers,2016,187.1,51,0.347042683,26.76923077,30.9111,3.948374012,-12.35935385,21.7312,44,44,0,POR2016
BRK,Brooklyn Nets,2016,183.8,38,0.382794715,27.33333333,23.0318,4.355132037,-12.6198,21.7312,36,21,15,BRK2016
DAL,Dallas Mavericks,2016,183.7,50,0.430569106,29.58333333,30.305,4.898670829,-13.658625,21.7312,43,42,1,DAL2016
CHO,Charlotte Hornets,2016,182.9,33,0.46863313,25.64285714,20.0013,5.331732848,-11.83930714,21.7312,35,48,13,CHO2016
ORL,Orlando Magic,2016,182.4,25,0.589202236,24.93333333,15.1525,6.703471677,-11.51172,21.7312,32,35,3,ORL2016
CHI,Chicago Bulls,2016,179.4,50,0.922454268,28.28571429,30.305,10.4949467,-13.05951429,21.7312,49,42,7,CHI2016
MIL,Milwaukee Bucks,2016,173.6,41,0.541976626,25.53846154,24.8501,6.16617647,-11.79110769,21.7312,41,33,8,MIL2016
OKC,Oklahoma City Thunder,2016,172.3,45,0.598953252,25.45454545,27.2745,6.814410939,-11.75236364,21.7312,44,55,11,OKC2016
WAS,Washington Wizards,2016,170.1,46,0.62488313,28.26666667,27.8806,7.109420348,-13.05072,21.7312,44,41,3,WAS2016
CLE,Cleveland Cavaliers,2016,163.7,53,0.63492378,28.07692308,32.1233,7.223654835,-12.96311538,21.7312,48,57,9,CLE2016
NYK,New York Knicks,2016,155.4,17,0.243993902,26.41666667,10.3037,2.775967427,-12.196575,21.7312,23,32,9,NYK2016
HOU,Houston Rockets,2016,153.4,56,0.686498984,26.91666667,33.9416,7.810436238,-12.427425,21.7312,51,41,10,HOU2016
DEN,Denver Nuggets,2016,147.7,30,0.334944106,24.75,18.183,3.810726079,-11.427075,21.7312,32,33,1,DEN2016
DET,Detroit Pistons,2016,136.4,32,0.376539634,26.7,19.3952,4.283966726,-12.32739,21.7312,33,44,11,DET2016
BOS,Boston Celtics,2016,130.8,40,0.586707317,24.3,24.244,6.675086488,-11.21931,21.7312,41,48,7,BOS2016
PHI,Philadelphia 76ers,2016,119.1,18,0.422256098,24,10.9098,4.804092073,-11.0808,21.7312,26,10,16,PHI2016
PHO,Phoenix Suns,2016,109.3,39,0.399207317,25.36363636,23.6379,4.541861488,-11.71039091,21.7312,38,23,15,PHO2016
SAS,San Antonio Spurs,2017,236,67,0.688455285,30.92857143,40.6087,7.832693463,-14.27972143,21.7312,56,61,5,SAS2017
GSW,Golden State Warriors,2017,226.2,73,0.624527439,26.85714286,44.2453,7.105373579,-12.39994286,21.7312,61,67,6,GSW2017
NYK,New York Knicks,2017,210.5,32,0.384329268,26.8,19.3952,4.372590951,-12.37356,21.7312,33,31,2,NYK2017
CHO,Charlotte Hornets,2017,209.8,48,0.644441057,25.57142857,29.0928,7.331934793,-11.80632857,21.7312,46,36,10,CHO2017
IND,Indiana Pacers,2017,208.1,45,0.617982724,25.71428571,27.2745,7.030913043,-11.87228571,21.7312,44,42,2,IND2017
DAL,Dallas Mavericks,2017,207.6,42,0.474751016,29.35714286,25.4562,5.401337262,-13.55419286,21.7312,39,33,6,DAL2017
BRK,Brooklyn Nets,2017,207.3,21,0.156244919,25.46666667,12.7281,1.777629689,-11.75796,21.7312,24,20,4,BRK2017
HOU,Houston Rockets,2017,205.8,41,0.501839431,26.73333333,24.8501,5.709527573,-12.34278,21.7312,40,55,15,HOU2017
BOS,Boston Celtics,2017,205.6,48,0.752103659,24,29.0928,8.556833744,-11.0808,21.7312,48,53,5,BOS2017
TOR,Toronto Raptors,2017,203.4,56,0.675248984,25.13333333,33.9416,7.682442738,-11.60406,21.7312,52,51,1,TOR2017
NOP,New Orleans Pelicans,2017,202.8,30,0.406722561,26.9375,18.183,4.627363921,-12.43704375,21.7312,32,34,2,NOP2017
LAC,Los Angeles Clippers,2017,197.8,53,0.815340447,29.07142857,32.1233,9.276291335,-13.42227857,21.7312,50,51,1,LAC2017
MEM,Memphis Grizzlies,2017,193.8,42,0.519476626,28.42857143,25.4562,5.91018947,-13.12547143,21.7312,40,43,3,MEM2017
SAC,Sacramento Kings,2017,191.6,33,0.454065041,26.4,20.0013,5.16598878,-12.18888,21.7312,35,32,3,SAC2017
PHO,Phoenix Suns,2017,191.5,23,0.549817073,25.57142857,13.9403,6.255378805,-11.80632857,21.7312,30,24,6,PHO2017
CHI,Chicago Bulls,2017,189.6,42,0.281590447,27.14285714,25.4562,3.203710835,-12.53185714,21.7312,38,41,3,CHI2017
CLE,Cleveland Cavaliers,2017,188.9,57,0.74089939,29,34.5477,8.429360543,-13.3893,21.7312,51,51,0,CLE2017
OKC,Oklahoma City Thunder,2017,186.8,55,0.496666667,26.5,33.3355,5.650676,-12.23505,21.7312,48,47,1,OKC2017
MIL,Milwaukee Bucks,2017,184,33,0.62796748,24.2,20.0013,7.14451161,-11.17314,21.7312,38,42,4,MIL2017
UTA,Utah Jazz,2017,183.5,40,0.758836382,24.53333333,24.244,8.633433287,-11.32704,21.7312,43,51,8,UTA2017
ATL,Atlanta Hawks,2017,182.1,48,0.563089431,27,29.0928,6.406381073,-12.4659,21.7312,45,43,2,ATL2017
LAL,Los Angeles Lakers,2017,181.7,17,0.576504065,27.06666667,10.3037,6.559002049,-12.49668,21.7312,26,26,0,LAL2017
DET,Detroit Pistons,2017,178.5,44,0.735055894,25.92857143,26.6684,8.362877921,-11.97122143,21.7312,45,37,8,DET2017
PHI,Philadelphia 76ers,2017,177.7,10,0.386727642,24,6.061,4.399877732,-11.0808,21.7312,21,28,7,PHI2017
WAS,Washington Wizards,2017,177.3,41,0.492987805,27.78571429,24.8501,5.608820854,-12.82866429,21.7312,39,49,10,WAS2017
MIA,Miami Heat,2017,176.7,48,0.484944106,28.33333333,29.0928,5.517306079,-13.0815,21.7312,43,41,2,MIA2017
DEN,Denver Nuggets,2017,173.4,33,0.765147358,25.07692308,20.0013,8.705234518,-11.57801538,21.7312,39,40,1,DEN2017
POR,Portland Trail Blazers,2017,171.4,44,0.797987805,24.21428571,26.6684,9.078866854,-11.17973571,21.7312,46,41,5,POR2017
MIN,Minnesota Timberwolves,2017,169.7,29,0.81925813,25.85714286,17.5769,9.320863598,-11.93824286,21.7312,37,31,6,MIN2017
ORL,Orlando Magic,2017,157.7,35,0.542845528,24.15384615,21.2135,6.176062146,-11.15183077,21.7312,38,29,9,ORL2017
GSW,Golden State Warriors,2018,231.5,67,0.896377033,27.6,40.6087,10.19826077,-12.74292,21.7312,60,58,2,GSW2018
DEN,Denver Nuggets,2018,227.3,40,0.631234756,25.53333333,24.244,7.181684067,-11.78874,21.7312,41,46,5,DEN2018
SAS,San Antonio Spurs,2018,223.9,61,0.777906504,28.75,36.9721,8.850397878,-13.273875,21.7312,54,47,7,SAS2018
BOS,Boston Celtics,2018,221.8,53,0.366107724,25.26666667,32.1233,4.165280793,-11.66562,21.7312,46,55,9,BOS2018
UTA,Utah Jazz,2018,217.3,51,0.412881098,26.2,30.9111,4.697430823,-12.09654,21.7312,45,48,3,UTA2018
PHO,Phoenix Suns,2018,208.4,24,0.668196138,25.35294118,14.5464,7.602201104,-11.70545294,21.7312,32,21,11,PHO2018
PHI,Philadelphia 76ers,2018,202.5,28,0.488536585,25,16.9708,5.558178439,-11.5425,21.7312,33,52,19,PHI2018
LAC,Los Angeles Clippers,2018,202.2,51,0.276122967,29.53333333,30.9111,3.141506226,-13.63554,21.7312,42,42,0,LAC2018
TOR,Toronto Raptors,2018,202.2,51,0.589761179,24.57142857,30.9111,6.709830884,-11.34462857,21.7312,48,59,11,TOR2018
DET,Detroit Pistons,2018,195.9,37,0.49339939,25.46666667,22.4257,5.613503543,-11.75796,21.7312,38,39,1,DET2018
MIL,Milwaukee Bucks,2018,193.9,42,0.810564024,25.93333333,25.4562,9.221949018,-11.97342,21.7312,44,44,0,MIL2018
IND,Indiana Pacers,2018,193.8,42,0.36953252,27,25.4562,4.20424539,-12.4659,21.7312,39,48,9,IND2018
MEM,Memphis Grizzlies,2018,192.8,43,0.501651423,27.93333333,26.0623,5.707388567,-12.89682,21.7312,41,22,19,MEM2018
CLE,Cleveland Cavaliers,2018,192.4,51,0.515264228,29.92857143,30.9111,5.862264171,-13.81802143,21.7312,45,50,5,CLE2018
NYK,New York Knicks,2018,191,31,0.493257114,26.85714286,18.7891,5.611884835,-12.39994286,21.7312,34,29,5,NYK2018
WAS,Washington Wizards,2018,185.1,49,0.864151423,25.71428571,29.6989,9.831623567,-11.87228571,21.7312,49,43,6,WAS2018
MIN,Minnesota Timberwolves,2018,184.1,31,0.571031504,25.5,18.7891,6.496739628,-11.77335,21.7312,35,47,12,MIN2018
LAL,Los Angeles Lakers,2018,182.6,26,0.330203252,26,15.7586,3.756788439,-12.0042,21.7312,29,35,6,LAL2018
HOU,Houston Rockets,2018,182.2,55,0.665320122,26.23076923,33.3355,7.569480091,-12.11074615,21.7312,51,65,14,HOU2018
MIA,Miami Heat,2018,181.9,41,0.859852642,26.71428571,24.8501,9.782715482,-12.33398571,21.7312,44,44,0,MIA2018
BRK,Brooklyn Nets,2018,177.3,20,0.406321138,26.64285714,12.122,4.622796854,-12.30100714,21.7312,26,28,2,BRK2018
SAC,Sacramento Kings,2018,173.2,32,0.263058943,26.38461538,19.3952,2.992874207,-12.18177692,21.7312,32,27,5,SAC2018
NOP,New Orleans Pelicans,2018,172.9,34,0.494598577,27,20.6074,5.627146933,-12.4659,21.7312,35,48,13,NOP2018
CHO,Charlotte Hornets,2018,170.7,36,0.762926829,25.5,21.8196,8.679971122,-11.77335,21.7312,40,36,4,CHO2018
DAL,Dallas Mavericks,2018,167.5,33,0.57816565,27.0625,20.0013,6.577906238,-12.49475625,21.7312,36,24,12,DAL2018
OKC,Oklahoma City Thunder,2018,167,47,0.465929878,25.66666667,28.4867,5.300977409,-11.8503,21.7312,44,48,4,OKC2018
POR,Portland Trail Blazers,2018,163.1,41,0.72363313,24.38461538,24.8501,8.232918848,-11.25837692,21.7312,44,49,5,POR2018
CHI,Chicago Bulls,2018,158.5,41,0.363597561,25.53846154,24.8501,4.136722171,-11.79110769,21.7312,39,27,12,CHI2018
ATL,Atlanta Hawks,2018,154.9,43,0.421305894,27,26.0623,4.793281421,-12.4659,21.7312,40,24,16,ATL2018
ORL,Orlando Magic,2018,151.3,29,0.558023374,25.5,17.5769,6.34874353,-11.77335,21.7312,34,25,9,ORL2018
